0,1,2,3,4,5,6,7,8,9,10,11,12,13,14,15,16,17,18,19,20,21,22,23,24,25,26,27,28,29,30,31,32,33,34,35,36,37,38,39,40,41,42,43,44,45,46,47,48,49,50,51,52,53,54,55,56,57,58,59
0.0256,0.0497,0.0293,0.0471,0.0943,0.0295,0.053,0.0244,0.0553,0.0276,0.04,0.0361,0.031,0.0682,0.1652,0.0277,0.0272,0.2869,0.2142,0.0842,0.0417,0.0253,0.0784,0.2419,0.0254,0.1847,0.1507,0.0259,0.0345,0.0745,0.0386,0.0312,0.0595,0.0898,0.1342,0.0464,0.0658,0.0426,0.0286,0.1168,0.0335,0.0381,0.0466,0.4409,0.0518,0.0574,0.041,0.1063,0.0318,0.0716,0.3492,0.0313,0.1263,1.9538,0.0345,0.0621,0.931,0.6023,0.0985,0.0374
0.0493,0.0447,0.2234,0.0359,0.1681,0.1122,0.0482,0.0387,0.1007,0.0544,0.062,0.0592,0.0457,0.0426,0.0339,1.2499,0.0341,0.097,0.0361,0.0721,0.0615,0.0436,0.1342,0.0533,0.8125,0.0384,0.2843,0.1285,0.0836,0.0746,0.0402,0.0506,0.0517,0.0427,2.6275,0.0356,0.4708,0.2015,0.0767,0.25,0.1853,0.0789,0.0377,0.1067,0.0666,0.0648,0.0474,0.0336,0.0688,0.0896,0.3843,0.3277,0.1462,0.0569,0.0324,0.0413,0.5962,0.1189,0.1549,0.0916
0.344,0.0398,0.0251,0.0507,0.0871,0.1832,0.5931,0.0436,0.0296,0.0395,0.024,0.0304,0.0366,0.0826,0.4378,0.0694,0.0272,0.0559,0.2843,0.0246,0.0262,0.0436,0.0496,0.0307,0.1345,0.0525,0.0259,0.0613,0.2073,0.0405,0.0735,0.0919,0.0354,0.0997,0.0266,0.0777,0.0671,0.0625,1.9301,0.028,0.1069,0.0458,0.0324,0.2406,0.0384,0.0595,0.1472,0.9146,0.0469,0.0285,0.114,0.0255,0.0314,0.1241,0.0408,0.0332,0.0549,0.0348,0.0321,0.164
0.0193,0.0323,0.0154,0.1119,0.0387,0.0174,0.0169,0.0181,0.0345,0.553,0.017,0.081,0.0199,0.016,0.0902,0.1696,0.0447,0.0232,0.0297,0.0249,0.0249,0.2086,0.0213,0.0332,0.0638,0.0303,0.0528,0.0275,0.015,0.0372,0.0668,0.0181,0.0161,0.0415,0.0213,0.1256,0.0142,0.263,0.0154,0.0557,0.0207,0.0279,0.0761,0.0494,0.0311,0.0147,0.0203,0.0224,0.0989,0.1455,0.025,0.041,0.0596,0.0238,1.1581,0.0178,0.0261,0.0465,0.0188,0.3591
0.0698,0.311,0.102,2.4967,0.0831,0.0427,0.032,0.042,0.0803,0.0512,0.1755,0.367,0.064,0.1202,0.4463,0.0374,1.1911,0.0536,0.129,0.033,0.0468,0.0412,0.7731,0.05,0.2395,0.0472,0.0868,0.035,0.1138,0.0767,0.0353,0.2731,0.0512,0.2111,0.055,0.0315,0.5664,0.0962,0.0426,0.0619,0.0571,0.137,0.1074,0.0657,0.0917,0.0316,0.0322,0.0711,0.0451,0.0385,0.148,0.0352,0.0727,0.0357,0.0599,0.0397,0.1602,0.0481,0.1926,0.0403
0.7019,0.094,0.0536,0.0431,0.0761,0.4589,0.1716,3.0888,0.3292,0.0972,0.0511,0.0402,0.0443,0.3847,1.475,0.1083,0.1829,0.9569,0.2642,0.0568,0.0383,0.1025,0.0602,0.2371,0.2923,0.0669,0.1133,0.0452,0.0789,0.0387,0.0911,0.0544,0.0502,0.0877,0.0833,0.1403,0.0581,0.0689,0.5533,0.157,0.1322,0.148,0.0523,0.0472,0.0626,0.0431,0.0647,0.0702,0.2179,0.125,0.04,0.0474,0.0612,0.0472,0.0415,0.0484,0.1173,0.1985,0.0726,0.0814
0.0297,0.0213,0.339,0.0208,0.1861,0.0458,0.0722,0.2155,0.0496,0.0481,0.0645,0.0287,0.0189,0.0256,0.0393,0.027,0.0355,0.042,0.055,0.1023,0.023,0.0251,0.068,0.1408,1.4836,0.0232,0.2661,0.1629,0.0949,0.0438,0.0606,0.1132,0.0203,0.7064,0.0218,0.0207,0.0236,0.0878,0.0344,0.0404,0.0375,0.0328,0.0828,0.1259,0.0212,0.0247,0.0308,0.0267,0.0187,0.0365,0.4552,0.0282,0.0186,0.052,0.0575,0.0202,0.0225,0.032,0.0764,0.0298
0.0601,0.1256,0.047,0.0153,0.0297,0.0262,0.0345,0.1745,0.1068,0.0636,0.0235,0.0285,0.0184,0.055,0.0154,0.0133,0.0386,0.0126,0.0165,0.0164,0.0845,0.094,0.0139,0.0141,0.0205,0.0314,0.0211,0.0145,0.0188,0.0352,0.3051,0.0244,0.0156,0.0247,0.0132,0.0505,0.0689,0.0134,0.0173,0.0124,0.0217,0.144,0.0171,0.0288,0.0134,0.0137,0.2235,0.0155,0.0184,0.045,0.0322,0.0213,0.0231,0.0272,0.0422,0.0757,0.0192,0.0402,0.9876,0.4711
0.0123,0.0161,0.0202,0.1446,0.1079,0.0182,0.0146,0.0205,0.0139,0.0141,0.0285,0.0155,0.0251,0.0213,0.0174,0.0331,0.0125,0.0623,0.0588,0.0169,0.0155,0.0191,0.0146,0.1754,0.0358,0.0131,0.0169,0.0349,0.0193,0.3047,0.2231,0.0146,0.0502,0.4687,0.0747,0.0124,0.0247,0.0305,0.0426,0.0472,0.026,0.0549,0.0701,0.1225,0.0234,0.0273,0.0216,0.0279,0.0833,0.0379,0.9859,0.0147,0.0941,0.0391,0.0141,0.0447,0.0312,0.0133,0.0222,0.0198
0.0058,0.0145,0.0054,0.0304,0.0105,0.0049,0.0065,0.1314,0.0196,0.0076,0.0643,0.041,0.0258,0.007,0.0039,0.0057,0.0044,0.0171,0.0035,0.0179,0.0063,0.016,0.0217,0.0042,0.009,0.0053,0.0037,0.0117,0.0033,0.0492,0.2786,0.0044,0.0104,0.0131,0.0062,0.0867,0.0093,0.0229,0.0096,0.006,0.0036,0.0038,0.0048,0.0043,0.0352,0.0047,0.0083,0.0046,0.0073,0.0052,0.0132,0.0041,0.0045,0.0045,0.0051,0.0073,0.0038,0.0085,0.0116,0.008
0.0328,0.032,0.0584,0.0915,0.0734,0.1194,0.9581,0.0454,0.0706,0.0289,0.0266,0.0338,0.0764,0.1279,0.0312,0.0423,0.0355,0.0355,0.1109,0.0371,0.0298,0.04,0.0854,0.6171,0.0982,0.2931,0.0475,0.0391,0.1025,0.057,0.049,0.0292,0.0261,0.0632,0.0807,0.0409,0.0609,0.2155,0.1534,0.1882,0.0301,1.9996,0.0279,0.0318,0.4535,0.0274,0.0367,0.0437,0.3585,0.0503,0.172,0.249,0.0248,0.0249,0.0664,0.0262,0.043,0.0544,0.0522,0.1407
0.0242,0.0173,0.0205,0.0156,0.0443,0.1548,0.0227,0.0188,0.0175,0.0238,0.0159,0.0267,0.0158,0.1837,0.0261,0.1347,0.0204,0.0515,0.0181,0.5944,0.029,0.2814,0.0483,0.0327,0.0574,0.0218,0.0398,0.0303,0.0253,0.1201,1.2544,0.0171,0.0179,0.0187,0.0352,0.0197,0.0219,0.2226,0.0276,0.0438,0.0688,0.0215,0.0538,0.0869,0.0413,0.0958,0.3848,0.0206,0.03,0.0344,0.0752,0.0369,0.0794,0.0384,0.0606,0.032,0.0251,0.0162,0.1061,0.065
0.1043,0.0453,0.0671,0.1455,0.0874,0.0705,0.1196,0.0543,1.34,0.0379,0.1683,0.2168,0.038,0.0385,0.0473,0.0908,0.0831,0.13,0.2439,0.0366,0.1967,0.0576,0.0543,0.2693,0.0437,0.035,0.1089,0.1142,0.5037,0.0691,0.0943,0.0983,0.3508,0.0391,0.4164,0.0435,0.6371,0.1576,0.0406,0.0589,0.0508,0.0493,0.0771,0.0804,0.0735,0.0559,0.8691,0.0497,0.0634,0.1352,0.0419,0.0432,0.1809,0.0643,0.0406,0.0368,2.8185,0.3064,0.0616,0.0472
0.1002,0.0244,0.0463,0.0256,0.0199,0.0315,0.1347,0.0245,0.0223,0.0277,0.0264,0.0232,0.0353,0.0362,0.0439,0.0548,0.0594,0.233,0.0331,0.1708,0.1507,0.0391,0.02,0.7499,0.0209,0.0371,0.0926,0.0495,0.0656,0.0704,0.4876,0.081,0.0521,0.0582,0.021,0.0197,0.1964,0.0475,0.3529,0.0771,0.2829,0.0273,0.0876,0.0256,0.023,0.0449,0.0322,0.0206,0.0289,0.0307,0.0409,0.0386,0.0349,0.0241,0.1198,1.5717,0.0216,0.0291,0.1098,0.0676
0.0112,0.0248,0.0449,0.012,0.0299,0.0205,0.0156,0.0124,0.0631,0.0201,0.0127,0.0319,0.0897,0.0173,0.391,0.0101,0.1463,0.0192,0.0351,0.2511,0.0264,0.0158,0.0228,0.823,0.034,0.0132,0.1031,0.0144,0.0122,0.0106,0.0179,0.0272,0.0489,0.0254,0.0165,0.0192,0.0112,0.0166,0.0286,0.0113,0.014,0.0144,0.0388,0.1206,0.0379,0.0126,0.0139,0.0126,0.0117,0.023,0.1884,0.0576,0.0689,0.0143,0.078,0.0527,0.0105,0.0422,0.0184,0.0218
0.0267,0.0983,0.0622,0.0282,0.0287,0.3167,0.0914,0.2201,0.033,0.0277,0.077,0.0314,0.8419,1.7856,0.0714,0.036,0.0446,0.2612,0.1057,0.1496,0.0543,0.1359,0.125,0.0427,0.0259,0.0242,0.0806,0.4054,0.0345,0.0483,0.0223,0.0323,0.0383,0.1908,0.0531,0.068,0.0294,0.0471,0.0415,0.036,0.065,0.1131,0.5488,0.0574,0.0363,0.1707,0.0855,0.0429,0.0281,0.0228,0.0395,0.0238,0.0232,0.025,0.0319,0.0303,0.0233,0.0494,0.0592,0.0263
0.026,0.0959,0.0139,0.0164,0.0428,0.0465,0.0155,0.1212,0.255,0.0391,1.1264,0.0616,0.0159,0.0303,0.0178,0.0417,0.024,0.0292,0.0481,0.021,0.0272,0.0162,0.0656,0.0804,0.0223,0.3471,0.0222,0.0165,0.0196,0.2024,0.0188,0.0192,0.141,0.0345,0.0144,0.0727,0.0381,0.0181,0.1076,0.037,0.0247,0.0323,0.5368,0.0149,0.0161,0.0228,0.0207,0.0146,0.0175,0.051,0.033,0.0183,0.0204,0.1647,0.0586,0.0268,0.0296,0.0252,0.0538,0.0874
0.0848,0.0241,0.2271,0.0196,0.0242,0.0748,0.0793,0.0353,0.0218,0.0228,0.1307,0.0594,0.0493,0.0219,0.0387,0.0248,0.0429,0.0336,0.167,0.0517,0.0256,0.041,0.036,0.117,0.0201,0.0721,0.276,0.048,0.3515,0.0315,0.0323,0.0288,0.1939,0.0463,0.0352,0.0382,0.0231,0.0309,0.0436,0.0198,0.0287,0.0205,0.1469,0.0232,0.0914,0.0291,0.0265,1.5484,0.0979,0.735,0.0287,0.1089,0.0268,0.0635,0.0215,0.0195,0.476,0.0661,0.0534,0.0565
0.0546,0.0421,0.0821,0.0434,0.0787,0.0318,0.0282,0.0225,0.0294,0.0394,0.1136,0.028,0.1393,0.2383,0.0294,0.0201,0.0455,0.0215,0.0496,0.073,0.0271,0.0474,0.1536,0.0218,0.0252,0.1756,0.0343,0.0304,0.2863,0.0593,0.063,0.4966,0.0228,0.0964,0.0889,0.0228,0.0229,0.0381,0.0348,0.1254,0.0242,0.0649,0.051,0.0216,0.0244,0.0252,0.365,0.037,0.0338,0.0415,0.0317,0.7705,0.0702,0.0205,0.0247,0.2022,1.6124,0.0576,0.1032,0.0364
0.0267,0.0259,0.0711,0.029,0.2532,0.1451,0.0417,0.0846,0.0261,0.0355,0.028,0.1626,0.0336,0.0456,0.0574,0.0275,0.0212,0.0242,0.1116,0.0431,0.0233,0.0654,1.7186,0.3109,0.5338,0.0247,0.1331,0.0226,0.1859,0.0236,0.0386,0.1042,0.0632,0.1219,0.0387,0.0328,0.0551,0.0403,0.051,0.0953,0.0217,0.0536,0.0601,0.0313,0.0411,0.0243,0.0464,0.0734,0.0321,0.0355,0.034,0.0283,0.2111,0.0885,0.8235,0.3904,0.0786,0.0498,0.0233,0.0301
0.0235,0.6647,0.0471,0.0255,0.0426,0.0465,0.0564,0.0182,0.0818,0.0361,0.0213,0.3146,0.0347,0.1707,0.034,0.0211,0.0185,0.0192,0.0175,0.0448,0.0204,0.0713,0.063,0.0244,0.0207,0.1328,0.0666,0.1185,0.0762,0.0403,0.0232,0.0605,0.0172,0.0536,0.0962,0.0265,0.0199,0.0179,0.0278,0.0281,0.2055,0.0509,0.0398,0.0885,0.0297,0.0317,0.033,0.0265,0.0233,0.0235,0.1487,0.0289,0.4227,1.3821,0.2479,0.0216,0.0378,0.0204,0.0312,0.1063
0.0301,0.0243,0.0444,0.0293,0.0801,0.0765,0.0305,0.0501,0.153,0.0681,0.0268,0.0257,0.033,0.0929,0.0569,0.0368,0.0237,0.0224,0.4056,0.2647,0.0385,0.0426,0.0715,0.0555,0.0327,0.0855,0.1691,0.0394,0.0369,0.3199,0.5506,0.035,0.0271,0.0604,0.8504,0.2234,0.0238,0.0227,0.0648,0.0248,0.1,0.1949,0.0463,0.1139,0.0293,0.0621,0.0285,0.034,0.0407,0.0268,0.053,1.7898,0.0256,0.0479,0.0316,0.0494,0.1368,0.1049,0.1257,0.0256
0.087,0.0407,0.0509,0.0745,0.0547,0.0452,0.0365,0.0257,0.0481,0.0336,2.0355,0.4607,0.0286,0.0319,0.0472,0.0309,0.0602,0.0516,0.0625,0.0374,0.0555,0.0265,0.1205,0.6283,0.0246,0.0383,0.301,0.0273,0.0407,0.1427,0.1945,0.0279,0.0332,0.0298,0.029,0.104,0.2533,0.0843,0.0328,0.039,0.2188,0.1312,0.3633,0.0306,0.0636,0.0432,0.9717,0.0568,0.034,0.0926,0.156,0.1721,0.0787,0.028,0.0438,0.0709,0.0981,0.0688,0.1123,0.0358
0.0252,0.0451,0.0238,0.1978,0.0948,0.036,0.0773,0.0332,0.0221,0.0413,0.042,0.0273,0.2868,0.0619,0.0887,0.4953,0.123,0.0368,0.2334,0.0343,0.031,0.0248,0.0493,0.0444,0.0231,0.0214,0.082,0.0269,0.0535,0.1119,0.0237,0.3628,0.172,0.0512,0.0214,0.0285,0.0204,0.0547,0.1029,0.069,0.0208,0.0588,0.1531,0.0483,0.0199,0.1377,0.022,0.0267,0.7632,1.6035,0.033,0.0294,0.0233,0.0648,0.0262,0.031,0.0377,0.0395,0.0729,0.0304
0.0268,0.0243,0.0982,0.248,0.0671,0.0381,0.0294,0.6655,0.0589,0.0188,0.0461,0.0304,0.0192,0.0179,0.0207,0.317,0.1191,0.0548,0.0327,0.0634,0.0425,0.0326,0.1522,0.0498,0.0226,0.0191,0.0277,0.0218,0.0219,0.0219,0.0248,1.3963,0.0199,0.0902,0.1056,0.0169,0.1731,0.0505,0.0303,0.0731,0.1324,0.0224,0.0829,0.0368,0.0405,0.024,0.0293,0.0192,0.2048,0.0777,0.0353,0.4327,0.0354,0.0437,0.0382,0.0262,0.0181,0.0252,0.02,0.0572
0.0445,0.0316,0.0342,0.0558,0.019,0.0346,0.0275,0.0362,0.0218,0.0318,0.0218,0.0415,0.1312,0.0614,0.0201,0.038,0.2706,0.051,0.1173,0.0259,0.0395,0.0229,0.03,0.0203,0.0978,0.2244,0.0721,0.0241,0.0593,0.7297,0.3435,0.0268,0.0289,0.0693,0.0201,0.0263,0.0352,0.0232,0.025,0.0287,0.0214,0.0211,0.0395,0.4702,0.0485,0.164,0.0657,0.0473,0.0303,0.0536,0.09,0.1063,1.5266,0.0836,0.0245,0.1457,0.0434,0.1901,0.0197,0.0787
0.0998,0.17,0.0264,0.0255,0.0424,1.1588,0.0184,0.1233,0.0222,0.2057,0.0147,0.0286,0.0527,0.0444,0.0823,0.0198,0.0172,0.0387,0.0466,0.2619,0.041,0.023,0.0271,0.0561,0.0189,0.0205,0.0197,0.0159,0.1438,0.3578,0.03,0.0222,0.024,0.0375,0.0206,0.0495,0.0154,0.0879,0.551,0.0197,0.0343,0.0352,0.0182,0.0145,0.0254,0.018,0.0159,0.0313,0.0583,0.0324,0.0637,0.0171,0.0296,0.0229,0.0152,0.0751,0.0691,0.1097,0.0164,0.0157
0.0523,0.0166,0.0422,0.0204,0.0147,0.1874,0.0243,0.0363,0.0163,0.0175,0.0207,0.0175,0.0453,0.0272,0.0479,0.1539,0.0907,0.0198,0.0265,0.026,0.0385,0.101,0.0135,0.0238,0.0214,0.0223,0.0578,0.2395,0.0189,0.025,0.074,0.0286,0.0139,0.0136,0.1317,0.031,0.014,0.0341,0.035,0.0331,0.1126,0.0147,0.0668,0.0421,0.0149,1.052,0.0792,0.0297,0.0147,0.0188,0.0165,0.0539,0.063,0.016,0.0171,0.0135,0.0232,0.3274,0.0203,0.5035
0.0304,0.0243,0.0727,0.0214,0.036,0.143,0.0286,0.0272,0.2713,0.0201,0.0605,0.0192,0.0688,0.0585,0.078,0.0424,0.7196,0.0216,0.0192,0.0984,0.2233,0.0259,0.0335,0.0193,0.023,0.1284,0.1908,0.0223,0.0412,0.1159,0.0467,0.0529,0.0291,0.4669,0.0254,0.0448,0.0513,0.0908,1.5186,0.1075,0.0314,0.056,0.0383,0.0282,0.0349,0.084,0.0202,0.0248,0.0379,0.3443,0.0349,0.0636,0.0404,0.0483,0.0305,0.0276,0.0246,0.1638,0.0201,0.0225
0.0572,0.0863,0.0235,0.0257,0.3557,0.0208,0.0492,1.5658,0.02,0.021,0.1327,0.0305,0.0411,0.0295,0.2303,0.0312,0.0545,0.0261,0.0204,0.0274,0.0441,0.7461,0.0608,0.0636,0.0246,0.1685,0.0709,0.1941,0.0794,0.1099,0.0993,0.0293,0.0218,0.0372,0.0222,0.1485,0.0248,0.0916,0.0362,0.0327,0.0209,0.0759,0.0463,0.0351,0.0239,0.0273,0.0386,0.0336,0.0485,0.485,0.0395,0.2791,0.0193,0.0424,0.0528,0.1212,0.027,0.0667,0.0329,0.0233
0.0411,0.0258,0.0625,0.0689,0.1113,0.0957,0.235,0.0297,0.0344,0.027,0.0661,0.0901,0.0526,0.0594,0.1341,0.049,0.0284,0.2758,0.1793,0.0319,0.0303,0.1447,0.3377,0.046,0.5817,0.0253,0.0522,0.0578,0.0386,0.0448,0.0318,0.1216,0.0372,0.0245,0.0563,0.0238,0.1614,0.0758,0.43,0.2055,0.0268,0.0857,0.0336,0.0249,0.0282,0.0309,0.0484,0.0375,0.0354,0.024,0.1047,0.0324,0.9022,0.0804,0.0424,1.8892,0.0439,0.0262,0.0385,0.0718
0.0426,0.0241,0.0332,0.0503,0.0265,0.2465,0.0343,0.0288,0.0255,0.0432,0.0292,0.0215,0.182,0.1007,0.0348,0.1173,0.3786,0.1283,0.0762,0.0261,0.0869,0.1606,1.6723,0.0273,0.0547,0.0299,0.0802,0.0714,0.0369,0.0284,0.0587,0.0395,0.0229,0.2097,0.2962,0.1419,0.0252,0.0467,0.0498,0.5152,0.0203,0.1081,0.0311,0.0304,0.0641,0.022,0.0359,0.0623,0.7988,0.0215,0.0242,0.034,0.0453,0.068,0.0383,0.0567,0.0404,0.0912,0.0245,0.0232
0.5843,0.0206,0.017,0.1547,0.0215,0.2204,0.0563,0.0168,0.0161,0.0867,0.1325,0.0943,0.0376,0.0181,0.072,0.0168,0.0228,0.0353,0.0468,0.0414,0.0323,0.0536,0.2813,0.0237,0.0461,0.0316,0.0248,0.0259,0.0297,0.3809,0.0591,0.0372,0.0171,0.0338,0.0245,0.0206,0.0683,0.0275,0.0232,0.0192,0.0267,0.039,0.02,0.0187,0.0186,0.0276,0.021,0.0152,0.0632,0.0169,0.117,0.016,0.1816,0.0294,0.0216,0.043,0.1057,0.0499,0.0785,1.2338
0.0212,0.4456,0.0733,0.0593,0.0202,0.0222,0.0257,0.0466,0.0688,0.0336,0.0929,0.0448,0.0379,0.0494,0.0188,0.1375,0.0199,0.0642,0.0317,0.0295,0.032,0.0419,0.0397,0.0187,0.0189,0.0224,0.0177,0.0781,0.1229,0.0871,0.2593,0.0477,0.0533,0.0368,0.0354,0.6879,0.0257,0.0286,0.1561,0.0411,0.0246,0.022,0.3308,0.1007,0.0227,0.0305,0.0207,0.0278,0.1812,0.2134,0.0265,0.0618,0.0334,1.4436,0.0268,0.0202,0.1118,0.0188,0.0249,0.055
0.0351,0.046,0.0342,0.0676,0.0609,0.033,0.0782,0.165,0.039,0.2227,0.1287,0.0346,0.0411,0.0447,0.0359,0.0751,0.0449,0.2889,0.0421,0.0491,0.057,0.0384,0.3424,0.0473,0.1057,0.0306,0.1976,0.067,0.15,0.0297,0.1388,0.0847,0.1129,0.724,0.0382,0.03,0.0905,0.0433,0.0826,0.5277,0.054,0.0543,0.031,0.0709,0.4164,0.2533,0.0325,0.0313,0.0378,0.0997,0.0507,0.0297,0.1209,0.0945,0.0635,2.3293,1.108,0.1793,0.0591,0.0521
0.1548,0.0364,0.0183,0.6781,0.0375,0.0778,0.0432,0.0318,0.0235,0.018,0.019,0.0346,0.0311,0.0255,0.2097,0.0209,0.0273,0.0643,0.1087,0.0474,0.0275,0.0416,0.0299,0.0267,0.0241,0.0286,0.2534,0.0201,0.1356,0.1762,0.0523,0.022,0.033,0.05,0.0199,0.0244,0.0276,0.0855,0.0919,0.0177,0.0387,0.1009,0.0615,0.0398,0.1219,0.045,0.3221,0.0203,0.0349,0.0547,0.0683,0.0235,0.0193,0.0191,1.4241,0.4353,0.0729,0.0213,0.0231,0.0588
0.0348,0.1634,0.0201,0.0285,0.0223,0.0182,0.0222,0.3401,0.1279,0.0234,0.0974,0.0367,0.0309,0.1157,0.7141,0.0886,0.0383,0.02,0.0301,0.022,0.0267,0.0462,0.0186,0.0253,0.0391,0.0362,0.0813,0.0725,0.2218,0.1896,0.029,0.4637,0.0441,0.0482,0.2676,0.0642,0.0277,0.0689,0.1054,0.0326,0.0212,0.0223,0.0406,0.0202,0.0522,0.0236,0.042,0.0246,0.0327,0.022,1.5054,0.1429,0.0498,0.0612,0.0586,0.026,0.0776,0.0273,0.0554,0.0257
0.0315,0.0274,0.0864,0.053,0.153,0.0264,0.1936,0.0667,0.0933,0.0345,0.0575,0.0486,0.1376,0.0451,0.07,0.0468,0.2226,0.0382,0.0229,0.0814,0.1726,0.0295,0.0379,0.0344,1.8027,0.0236,0.265,0.0637,0.0973,0.0554,0.8589,0.0273,0.0411,0.0264,0.0347,0.0725,0.024,0.0258,0.042,0.0291,0.3239,0.1071,0.0369,0.0612,0.0329,0.0245,0.1272,0.0327,0.0392,0.0771,0.0508,0.117,0.4062,0.0438,0.0279,0.0308,0.0231,0.5558,0.0311,0.0241
0.0238,0.0101,0.0109,0.0335,0.0153,0.0221,0.061,0.0104,0.0185,0.0137,0.0163,0.0469,0.1435,0.0171,0.0399,0.0169,0.1168,0.381,0.0261,0.0358,0.0124,0.0848,0.0123,0.0437,0.0381,0.0551,0.0102,0.0157,0.011,0.0142,0.0119,0.1003,0.0205,0.0301,0.0108,0.0667,0.0245,0.0508,0.0182,0.1816,0.0278,0.2462,0.0318,0.0175,0.0218,0.0298,0.0149,0.0198,0.0127,0.0127,0.0114,0.0107,0.0107,0.0142,0.0154,0.7949,0.0201,0.0764,0.0121,0.0254
0.0177,0.0343,0.0431,0.0241,0.3979,0.0223,0.0299,0.0188,0.0483,0.1094,0.0353,0.0716,0.0262,0.0245,0.0165,0.0207,0.0276,0.066,0.1618,0.0417,0.0765,0.2308,0.0278,0.0162,0.0294,0.0245,0.0314,0.0265,0.0167,0.0195,0.0368,0.0621,0.1231,1.2909,0.0211,0.0493,0.0382,0.0172,0.0232,0.0184,0.1381,0.0552,0.0453,0.0181,0.2924,0.0911,0.0833,0.0529,0.0183,0.0202,0.0219,0.0325,0.0206,0.0397,0.031,0.1914,0.0988,0.0204,0.6157,0.0583
0.0233,0.0472,0.0295,0.0137,0.035,0.0376,0.0307,0.0415,0.0218,0.0147,0.0326,0.0186,0.0159,0.0221,0.0173,0.0248,0.025,0.0703,0.1169,0.039,0.0331,0.0202,0.06,0.0167,0.1035,0.0159,0.521,0.018,0.0135,0.0143,0.014,0.0283,0.0189,0.026,0.0222,0.1597,0.0182,0.0205,0.0522,0.057,0.0146,0.0262,0.0445,0.0198,0.3353,0.0384,0.0155,0.0497,0.0849,0.0285,0.195,0.1348,0.0644,0.0749,0.0172,0.2488,0.0166,1.0929,0.0211,0.0924
0.0902,0.0157,0.1337,0.0392,0.029,0.0451,0.0165,0.017,0.036,0.2423,0.0212,0.0335,0.0189,0.0153,0.0157,0.022,0.0484,0.1909,0.0165,0.0681,0.0194,0.0259,0.0333,1.0729,0.0191,0.0144,0.0279,0.0317,0.0172,0.0826,0.0282,0.0246,0.5113,0.0144,0.1578,0.1174,0.0522,0.0999,0.0405,0.0144,0.0429,0.0225,0.0238,0.0177,0.3335,0.0748,0.0632,0.0592,0.0204,0.0134,0.0251,0.015,0.056,0.0149,0.0228,0.0136,0.0308,0.0158,0.0214,0.0378
0.0542,0.0298,0.0224,0.1107,0.0871,0.0459,0.0197,0.0304,0.0719,0.0237,0.0314,0.0811,0.0258,0.0213,0.0211,0.12,0.0226,0.3587,0.0675,0.0582,0.0262,0.0348,0.1015,0.0298,0.0232,0.0401,0.0263,0.0638,0.028,0.1968,0.0369,0.0619,0.0458,0.0313,0.0215,0.0494,0.0365,0.15,0.1692,0.043,0.753,0.0481,0.0198,1.573,0.2322,0.0243,0.1344,0.0202,0.0948,0.0532,0.4839,0.0212,0.0385,0.0288,0.0414,0.0326,0.0338,0.0759,0.0246,0.2801
0.0658,0.0259,0.0322,0.0344,0.0571,0.4015,0.0479,0.262,0.0701,0.1352,0.0246,0.0237,0.0457,0.0379,0.0798,0.8397,0.0293,0.1947,0.0541,0.0222,0.0861,0.0313,0.0761,0.0346,0.5501,0.0349,0.0217,0.0334,0.0233,0.0258,0.04,0.0253,0.0279,0.1242,0.1488,0.1137,0.0251,0.0428,0.0521,0.037,0.0303,0.0733,0.0615,0.3166,0.0269,0.0993,0.0469,0.2207,0.0229,0.0387,1.773,0.0592,0.1687,0.0326,0.0283,0.0275,0.0915,0.044,0.1051,0.0497
0.0316,0.0162,0.0326,0.019,0.3527,1.1536,0.021,0.2054,0.0271,0.0281,0.0818,0.0238,0.0296,0.0178,0.2604,0.0348,0.0147,0.0164,0.0147,0.0257,0.0995,0.023,0.0264,0.0553,0.1264,0.0249,0.0149,0.0448,0.0188,0.0887,0.0362,0.019,0.0519,0.0489,0.046,0.0173,0.0341,0.0416,0.0232,0.0158,0.0746,0.0626,0.0598,0.0199,0.0385,0.0417,0.0196,0.0688,0.109,0.5499,0.0202,0.0159,0.029,0.0225,0.1682,0.0215,0.1438,0.018,0.0152,0.0165
0.0302,0.4203,0.032,0.0456,0.0304,0.2237,0.0633,0.0434,0.2897,0.1063,0.1126,0.0402,0.0305,0.0332,0.0346,0.0677,0.1297,0.0322,0.0942,0.0534,0.3446,0.0857,0.1002,0.0595,0.0381,0.0344,0.0287,0.0509,0.0787,0.033,0.1215,0.0821,0.0419,0.0751,0.0365,0.0418,0.0521,1.1174,0.0583,0.0408,0.7275,0.037,0.5331,2.3408,0.253,0.0393,0.0607,0.0464,0.0651,0.1787,0.1989,0.0724,0.0461,0.0556,0.0501,0.1389,0.0895,0.1486,0.1625,0.0364
0.0317,0.049,0.0299,0.0522,0.033,0.0464,0.0604,0.0271,0.035,0.0405,0.2022,0.0419,1.8625,0.085,0.233,0.1303,0.0371,0.0483,0.0696,0.0553,0.4264,0.0425,0.1108,0.0905,0.0241,0.0292,0.0602,0.0253,0.0258,0.0268,0.3346,0.0335,0.057,0.0237,0.1216,0.029,0.5787,0.0372,0.079,0.2761,0.1032,0.024,0.0457,0.0241,0.1595,0.0642,0.0255,0.0357,0.0338,0.1437,0.0318,0.8912,0.0754,0.1782,0.0294,0.0399,0.027,0.0719,0.097,0.0507
0.0161,0.0897,0.1875,0.0202,0.1589,0.1364,0.0538,0.0367,0.046,0.0258,0.0185,0.0172,0.3921,0.0427,0.0164,0.0254,0.0273,0.0164,0.1222,0.0247,0.0506,0.0433,0.0232,0.0361,0.0224,0.0833,0.5996,0.0193,0.0165,0.0303,0.0186,0.017,0.0282,0.2871,0.075,0.0972,0.0647,0.0486,0.0388,0.0407,0.0293,0.0613,0.0218,0.1098,0.0199,0.0357,0.058,1.2704,0.0233,0.0313,0.0223,0.0217,0.0699,0.034,0.0262,0.0306,0.0198,0.0175,0.2273,0.0182
0.0177,0.0162,0.0284,0.0381,0.0147,0.0144,0.0106,0.0409,0.1903,0.0146,0.0198,0.0233,0.0123,0.1223,0.0135,0.0722,0.0245,0.0165,0.0109,0.0507,0.012,0.0215,0.023,0.0147,0.0296,0.0111,0.2597,0.0131,0.0791,0.0181,0.034,0.0142,0.0112,0.1061,0.0222,0.0189,0.0167,0.0168,0.0436,0.0316,0.0125,0.011,0.0116,0.0363,0.1517,0.015,0.0137,0.0646,0.0594,0.0114,0.0262,0.0203,0.0198,0.4009,0.0262,0.0463,0.0536,0.0304,0.0908,0.838
0.0364,0.0433,0.0751,0.1753,0.0255,0.026,0.1023,0.0252,0.0537,0.1281,0.0398,0.0291,0.573,0.0498,0.0478,0.0568,0.2017,0.1584,0.0265,0.031,0.0239,0.1101,0.0447,0.0288,1.8524,0.0952,0.052,0.0247,0.4178,0.0407,0.0681,0.27,0.0299,0.0235,0.3271,0.8799,0.1182,0.2321,0.0381,0.0309,0.0842,0.0615,0.0719,0.0263,0.0346,0.0276,0.0285,0.0907,0.0333,0.0356,0.1424,0.0639,0.0372,0.0239,0.0803,0.0328,0.0386,0.0484,0.0585,0.0426
0.0315,0.0473,0.2209,0.1119,0.0306,0.0735,1.1,0.1038,0.0582,0.0611,0.0341,0.0371,0.0979,0.0716,0.1963,0.0418,0.0545,0.0392,0.2892,0.1493,0.0943,0.0329,0.0887,0.7107,0.0293,0.5228,0.0498,0.0348,0.2493,0.1374,0.4138,0.1783,0.031,0.0368,0.048,0.0394,0.0287,0.0427,0.0331,0.0803,0.052,0.1295,0.0328,0.1195,0.0402,0.1636,0.0572,0.0301,0.0676,0.0436,0.0637,0.0438,0.0772,0.0654,0.0845,2.3142,0.0524,0.0468,0.3402,0.0362
0.1144,0.1447,0.0708,0.1034,0.0361,0.0494,0.1554,0.0514,0.4329,0.1094,0.0358,0.0542,0.3077,0.0465,0.0388,0.0322,0.0926,0.0333,0.2075,2.4174,0.0421,0.03,0.0955,0.2303,0.7512,0.0374,1.1578,0.0487,0.0844,0.0337,0.0593,0.0375,0.0448,0.0664,0.0313,0.0323,0.0617,0.0405,0.0628,0.0569,0.0692,0.0553,0.5494,0.0505,0.0348,0.1333,0.1237,0.0463,0.0808,0.1864,0.356,0.1702,0.0731,0.0894,0.0411,0.0338,0.0391,0.0431,0.261,0.0771
0.0138,0.0129,0.0161,0.0135,0.0471,0.0273,0.0408,0.0529,0.0138,0.9725,0.0628,0.0302,0.039,0.0172,0.0134,0.0353,0.0227,0.0291,0.1062,0.0433,0.0261,0.0328,0.0247,0.1211,0.0221,0.0309,0.0156,0.015,0.0269,0.0752,0.0938,0.0185,0.0124,0.2988,0.0213,0.0205,0.0179,0.0344,0.0191,0.0117,0.0185,0.0161,0.4654,0.0842,0.0152,0.0246,0.1719,0.0687,0.0496,0.1432,0.0134,0.0152,0.0145,0.0228,0.0374,0.0192,0.012,0.0174,0.0575,0.2211
0.0369,0.0473,0.0247,0.0276,0.0318,0.0978,0.0452,0.1213,0.0324,0.0552,0.0695,0.05,0.073,0.0519,0.1467,0.112,0.0814,0.2821,0.0254,0.0286,0.1339,0.0654,0.042,0.0271,0.0308,0.0385,0.0614,0.0865,0.0473,0.0335,0.0365,0.0272,0.031,0.0627,0.0248,0.0242,0.3401,0.035,0.0774,0.0347,0.0417,1.9028,0.2393,0.0293,0.0571,0.1815,0.0255,0.0361,0.9034,0.5861,0.0263,0.1041,0.0285,0.205,0.4304,0.0543,0.0428,0.0402,0.0923,0.1632
0.0604,0.0378,0.109,0.0549,0.0862,0.0363,0.4512,0.3177,0.0917,0.0431,0.032,0.1144,0.038,0.0443,0.0325,0.0652,0.2747,0.0584,0.2411,0.0459,0.2156,0.1416,0.0345,2.5441,0.1932,0.1038,0.3729,0.0357,0.5782,0.0805,0.0332,0.0329,0.0422,0.782,0.1501,0.0485,1.2047,0.1636,0.0414,0.0583,0.0787,0.1313,0.0381,0.0478,0.0461,0.0674,0.034,0.0385,0.123,0.1768,0.0737,0.0519,0.0527,0.0679,0.0639,0.0407,0.0983,0.0707,0.0516,0.0878
0.0306,0.0473,0.0396,0.0568,0.0381,0.0337,0.0552,0.3101,0.0479,2.1118,0.0277,0.2624,0.0326,0.0315,0.0598,0.0808,0.0362,0.038,0.0727,0.1629,0.0338,0.0265,0.0417,0.0856,0.0673,0.1455,0.1793,0.0418,0.4755,0.05,0.0306,0.0326,0.0284,0.0705,0.026,0.0366,0.0961,0.1363,0.0645,0.0294,0.0515,0.6483,0.117,0.1254,0.0353,0.3771,0.0617,1.0009,0.0896,0.0528,0.0431,0.0771,0.0436,0.0269,0.102,0.046,0.0295,0.1993,0.2289,0.1085
0.0513,0.0332,0.1279,0.0676,0.0409,0.1115,0.1531,0.1857,0.0348,0.0455,0.2698,0.0388,0.0987,0.0487,0.069,0.0274,0.0308,0.0401,1.0388,0.0292,0.1696,0.0274,0.672,0.073,0.0889,0.0442,0.0437,0.042,0.059,0.0372,2.1745,0.1191,0.0567,0.0304,0.2344,0.0931,0.208,0.0618,0.0557,0.0533,0.0383,0.0277,0.0303,0.1067,0.0329,0.0838,0.0634,0.0331,0.0353,0.4919,0.0288,0.0474,0.0762,0.0363,0.0791,0.0317,0.1399,0.3187,0.049,0.3903
0.0478,0.0298,0.0756,0.071,0.1516,0.0509,0.0465,0.0589,0.0276,0.2654,0.0358,0.1087,0.1819,0.0271,0.0312,0.0367,0.0415,0.0452,0.0433,0.027,0.6604,0.165,0.2034,0.0601,0.0296,0.0427,0.0324,0.0376,0.0354,0.0274,0.0291,0.0972,0.0771,0.0317,0.1266,0.1044,0.0565,0.092,2.1382,0.0628,0.0527,0.1166,0.0688,0.0548,0.0868,0.034,0.3151,0.0406,0.0818,0.4835,0.0323,0.0376,0.0308,0.04,0.0488,0.2311,1.0169,0.1371,0.3795,0.0657
0.0255,0.118,0.1089,0.0589,0.3827,0.0212,0.1441,0.0242,0.0362,0.053,0.0321,0.0231,0.302,0.2487,0.161,0.0238,0.2099,0.024,0.1299,0.0215,0.0267,0.0259,0.0358,1.6877,0.0345,0.022,0.093,0.0474,0.8064,0.0377,0.5197,0.0221,0.0527,0.0761,0.0314,0.0388,0.0722,0.0487,0.0449,0.0221,0.0459,0.0331,0.0859,0.032,0.0684,0.03,0.0553,0.0412,0.0393,0.0617,0.0811,0.1806,0.028,0.0283,0.0287,0.0648,0.043,0.0256,0.027,0.0998
0.0304,0.055,0.0412,0.0387,0.0801,0.0265,0.2938,1.9937,0.0425,0.0384,0.1278,0.029,0.1537,0.0643,0.1042,0.0458,0.0907,0.0329,0.0442,0.0584,0.2166,0.0303,0.025,0.0259,0.1182,0.032,0.0338,0.0394,0.0408,0.0296,0.0772,0.0559,0.0285,0.0669,0.0725,0.0531,0.1409,0.248,0.0489,0.0957,0.0266,0.0508,0.0337,0.0357,0.1904,0.0687,0.0278,0.3605,0.0475,0.0373,0.1102,0.9503,0.0613,0.4531,0.027,0.0341,0.6185,0.0865,0.0256,0.1708
0.0729,0.1667,0.0301,0.1421,0.0465,0.0755,0.0465,0.0395,0.049,0.0304,0.1019,0.0302,0.0796,0.1296,1.136,0.2042,0.0831,0.0872,0.0385,0.0508,0.0564,0.428,0.0538,0.035,0.0501,0.1085,0.0912,0.226,0.1541,0.0318,0.032,0.0347,0.0412,0.0451,0.0545,0.0314,0.0351,0.0361,0.042,2.3877,0.3493,0.0632,0.0683,0.037,0.0341,0.1146,0.0437,0.041,0.1226,0.5394,0.0701,0.0953,0.0574,0.3002,0.0605,0.26,0.0637,0.1837,0.0377,0.7356
0.0149,0.0282,0.0244,0.0187,0.0297,0.0585,0.0182,0.0725,0.0282,0.0257,0.0158,0.0213,0.0225,0.0176,0.0782,0.0175,0.0549,0.142,0.2591,0.0511,0.0454,0.1081,0.0163,0.0168,0.5389,0.0378,0.1683,0.025,0.015,0.0345,0.0192,0.2041,0.0222,0.0145,0.033,0.0188,0.0158,0.036,0.0876,0.0493,0.0181,0.0143,0.0233,0.0153,0.0407,0.0672,0.033,0.0201,1.1366,0.0622,0.024,0.0206,0.0429,0.0269,0.0156,0.1234,0.0305,0.0967,0.0389,0.3512
0.0538,0.0393,0.1655,0.0243,0.0315,0.1921,0.0305,0.0729,0.036,0.0225,0.0329,0.0783,0.0207,0.0467,0.0205,0.1451,0.0237,0.0262,0.0436,0.1192,0.0203,0.0494,0.0593,0.028,0.0282,0.7305,0.3467,1.5352,0.1318,0.023,0.1071,0.0695,0.0248,0.0984,0.022,0.2274,0.025,0.2749,0.0422,0.0856,0.0516,0.035,0.056,0.0616,0.0439,0.0217,0.0293,0.0377,0.0192,0.02,0.029,0.4709,0.0405,0.0339,0.0658,0.0235,0.0193,0.0912,0.0321,0.0268
0.2111,0.5221,0.0511,0.0207,0.0763,0.0238,0.0377,0.0265,0.0236,0.0353,0.0938,0.3036,0.1013,0.039,0.0224,0.0259,0.0504,0.0325,0.0245,0.0614,0.0272,0.2494,0.0455,0.1826,0.0546,0.0318,0.0473,0.0868,0.031,0.0273,0.041,0.0221,0.0405,0.1296,0.0233,0.0438,0.0365,0.0221,0.03,0.068,0.0255,0.1188,0.1441,1.6881,0.0566,0.3839,0.029,0.0305,0.0806,0.072,0.0277,0.0227,0.0349,0.0324,0.1608,0.1093,0.8076,0.0586,0.0437,0.0644
0.2084,0.0643,0.0494,0.0754,0.0356,0.0313,0.069,0.099,0.0434,0.1878,0.0411,0.0356,0.0593,0.264,0.3603,0.0339,0.7525,0.233,0.0377,0.1444,0.0622,0.0664,0.1122,0.0468,0.0317,0.0534,0.0378,0.0332,0.033,0.4377,0.0573,0.0367,0.1374,1.169,0.0306,0.0551,0.0578,0.0854,0.096,0.0487,0.0385,0.0391,0.0707,0.0889,0.0408,0.1192,0.1735,0.0442,0.0455,0.0785,0.1281,0.0334,0.3046,0.1051,2.4515,0.0465,0.5564,0.1583,0.0524,0.0816
0.0271,0.1343,0.0206,0.0313,0.0534,0.0359,0.0432,0.0214,0.0722,0.0208,0.0227,0.0202,0.045,0.0287,0.0677,0.0606,0.0654,0.0214,0.0259,0.0814,0.0557,0.2346,0.0283,0.1508,0.7563,0.0394,0.0239,1.5791,0.0316,0.0239,0.173,0.0466,0.3577,0.0499,0.488,0.0326,0.036,0.0303,0.0198,0.0344,0.0291,0.0942,0.022,0.2826,0.1021,0.1215,0.1105,0.0273,0.0252,0.0763,0.0374,0.0483,0.0858,0.1982,0.0232,0.0259,0.058,0.0418,0.024,0.0384
0.026,0.0543,0.0574,0.0508,0.0379,0.0889,0.0169,0.042,0.0752,0.0353,0.1472,0.0214,0.0214,0.0271,0.0803,0.0188,0.0264,0.0198,0.0331,0.0303,0.031,0.0459,0.0475,0.0175,0.0621,0.2022,0.0346,0.0251,0.1714,0.0652,0.0204,0.6554,0.1159,0.0398,0.0441,0.0209,1.3612,0.0242,0.0525,0.0202,0.104,0.2428,0.0177,0.0189,0.0956,0.0397,0.0233,0.4215,0.0223,0.0191,0.0289,0.0249,0.026,0.0699,0.3096,0.0171,0.033,0.0224,0.1294,0.0288
0.0643,0.1447,0.0583,0.3033,0.0263,0.0316,0.0359,0.0278,0.0424,0.0806,0.0448,0.0245,0.0199,0.0251,0.0488,0.0194,0.04,0.0282,0.0293,0.0231,0.0182,0.0339,1.3367,0.0516,0.4114,0.0181,0.1141,0.0178,0.0934,0.102,0.1271,0.0332,0.1977,0.0357,0.0213,0.0222,0.0264,0.038,0.0173,0.0194,0.0167,0.2371,0.0682,0.0593,0.0311,0.0203,0.0233,0.6336,0.0414,0.0231,0.0177,0.0212,0.0864,0.1661,0.0463,0.0182,0.074,0.0224,0.0547,0.03
0.0387,0.0362,0.0441,0.0426,0.8607,0.0421,0.0485,0.0707,0.0462,0.0487,0.2123,0.1023,0.0516,0.0653,0.5004,0.0789,0.0531,0.1355,0.0675,0.0937,0.4119,0.1784,0.0742,0.0372,0.0583,0.6356,0.3013,0.0875,2.7942,0.0979,0.0354,0.1135,0.0644,0.196,0.0723,0.0861,0.1268,0.0385,0.0402,0.1428,0.1639,0.0371,0.055,1.3295,0.05,0.0409,0.2693,0.1068,0.043,0.2365,0.1522,0.0818,0.0609,0.0536,0.0457,0.12,0.0357,0.3497,0.0617,0.0572
0.0138,0.3484,0.0115,0.0225,0.0269,0.0149,0.0298,0.0508,0.0339,0.012,0.2264,0.0135,0.0155,0.0613,0.0252,0.0212,0.0242,0.01,0.0179,0.0918,0.1647,0.0205,0.0089,0.0235,0.0091,0.0192,0.0162,0.0693,0.0097,0.0315,0.0138,0.0403,0.0355,0.0135,0.0177,0.037,0.0114,0.0168,0.0108,0.0429,0.0095,0.0168,0.0191,0.0551,0.7284,0.0107,0.0123,0.0149,0.0276,0.0107,0.1299,0.0462,0.0102,0.0139,0.0111,0.013,0.0126,0.0101,0.1071,0.0791
0.0765,0.0724,0.8687,0.2655,0.0424,0.0444,0.069,0.198,0.1082,0.0974,0.0363,0.0342,0.0796,0.0831,0.2395,0.0555,0.0629,0.0501,0.0355,0.0502,0.0463,2.8113,0.074,0.0377,0.3039,0.1277,0.0413,0.3493,0.1665,0.0677,0.416,0.0523,0.1191,0.0928,0.0394,0.0593,0.037,0.5017,0.0871,0.0538,0.0389,0.2168,0.1145,0.1553,0.057,0.6359,0.0398,0.0522,1.3366,0.1037,0.0459,0.0414,0.0646,0.1803,0.0459,0.135,0.0903,0.0589,0.1472,0.0477
0.0326,0.1232,0.1668,0.0394,0.0525,0.016,0.1408,0.3506,0.0194,0.0797,0.0164,0.0315,0.0278,0.0536,0.0192,0.0625,0.2048,0.0176,0.0491,0.0152,0.0959,0.0141,0.0728,0.0203,0.021,0.0146,0.0458,0.0573,0.0178,0.0675,0.025,0.0218,0.038,0.107,0.0169,0.0208,0.0227,0.0433,0.0875,0.0258,0.5405,0.0143,0.0339,0.0363,0.0159,0.0255,0.02,0.0264,0.0172,0.0291,0.016,1.1334,0.2575,0.0285,0.0242,0.0155,0.0186,0.0237,0.0343,0.0413
0.0274,0.0177,0.2348,0.403,0.0166,0.0292,0.0424,0.0378,0.0497,0.0179,0.0209,0.0712,0.6219,0.0323,0.0297,0.162,1.2984,0.0236,0.0531,0.0354,0.0331,0.0551,0.0197,0.0186,0.0262,0.0165,0.0199,0.0399,0.0311,0.1107,0.0458,0.0269,0.0215,0.0252,0.2933,0.0584,0.0238,0.0627,0.0186,0.0218,0.092,0.0438,0.0467,0.0841,0.0275,0.0166,0.1909,0.066,0.036,0.077,0.1404,0.0257,0.0997,0.0225,0.0187,0.0198,0.0335,0.1231,0.0161,0.0205
0.0191,0.113,0.0295,0.0245,0.0373,0.0178,0.0227,0.0203,0.0447,0.0853,0.0269,0.0678,0.0322,0.0371,0.0567,0.0202,0.0278,0.0195,0.0211,0.08,0.0487,0.0165,0.02,0.0737,0.1654,0.0253,0.0166,0.0182,0.0336,0.0537,0.1024,0.0638,0.0228,0.409,1.3268,0.0253,0.0216,0.0314,0.0408,0.0391,0.0275,0.0168,0.1436,0.0314,0.0346,0.0187,0.0185,0.3012,0.0226,0.0457,0.1959,0.0415,0.0505,0.0285,0.0237,0.1272,0.637,0.0613,0.2361,0.0932
0.0357,0.0527,0.0383,0.0496,0.0792,0.042,0.1092,0.0645,0.4886,0.0497,0.0432,0.0501,0.0687,0.0401,0.0677,0.0865,0.2953,0.0361,0.074,0.1389,0.0626,0.117,0.6217,0.1054,0.0571,0.403,0.2348,0.3418,0.0956,1.3016,0.1306,0.0558,0.0442,0.0915,0.2586,2.7233,0.042,0.1238,0.1748,0.0833,0.0606,0.059,0.0999,0.0352,0.048,0.0473,0.0542,0.0377,0.8437,0.0357,0.1504,0.0721,0.078,0.207,0.041,0.1908,0.0335,0.0384,0.161,0.0459
0.0178,0.0363,0.1092,0.022,0.0784,0.0228,0.3251,0.0204,0.0193,0.0615,0.0268,0.0695,0.0347,0.0572,0.0271,0.0176,0.139,0.0176,0.0923,0.0214,0.1546,0.0187,0.0723,0.0193,0.0284,0.0208,0.0408,0.0368,0.0459,0.4404,0.0476,0.0324,0.032,0.0392,0.0552,0.023,1.4294,0.0219,0.026,0.0437,0.0845,0.0299,0.0246,0.0497,0.208,0.0257,0.0248,0.1798,0.0237,0.0645,0.0536,0.1227,0.681,0.0198,0.1016,0.0341,0.031,0.029,0.0417,0.2575
0.0485,0.0325,0.0306,0.1096,0.2206,0.1373,0.0872,0.0694,0.0772,0.08,0.0548,0.0935,2.3061,0.0542,0.7182,0.031,0.1937,0.0514,0.0507,0.1039,0.0293,0.0397,0.0301,0.1767,0.0357,0.0729,0.047,0.0662,0.032,0.0443,0.0676,0.098,0.0292,0.059,0.0842,0.0616,0.3366,0.0451,0.2512,0.0357,0.0628,0.0345,0.0391,0.037,0.0462,0.0421,0.1197,0.0398,0.1591,0.0564,1.1065,0.4113,0.5224,0.2873,0.0339,0.1267,0.0349,0.148,0.0388,0.033
0.0822,0.0286,0.0581,0.0419,0.0466,0.0399,0.0961,0.1255,0.0484,0.0767,0.2001,0.0705,0.0471,0.2266,0.1108,0.3767,0.031,0.0676,2.1124,0.3122,0.6529,0.0285,0.0724,0.0308,0.0506,0.0399,0.0351,0.0428,0.117,0.0524,0.0273,0.044,0.0392,0.181,0.0295,0.0912,0.0324,0.1472,0.029,0.1357,0.0626,0.0295,1.0068,0.2642,0.0382,0.1024,0.0269,0.0328,0.0373,0.0532,0.0349,0.0868,0.4803,0.0275,0.0643,0.1625,0.0552,0.0336,0.0591,0.0332
0.048,0.0527,0.5035,0.1798,0.0946,0.1134,0.0622,0.0988,0.0836,0.0484,0.1089,2.8164,0.0744,0.4147,0.3514,0.3049,0.0632,0.0397,0.0441,0.0771,0.8697,0.0366,0.0555,0.2166,0.0361,0.2407,0.0681,0.0909,0.6391,0.0407,0.0581,0.0375,0.1285,0.0417,0.1448,0.0592,0.086,0.0539,0.1557,0.1982,0.0441,0.0667,0.0383,0.1211,0.1043,0.072,0.0785,1.337,0.0466,0.0387,0.0423,0.1356,0.0406,0.2672,0.0503,0.0347,0.0474,0.0605,0.1666,0.0514
0.0125,0.0236,0.0348,0.012,0.016,0.0508,0.0556,0.0142,0.0251,0.0098,0.0095,0.0127,0.0079,0.0188,0.0097,0.0072,0.008,0.0107,0.0885,0.0331,0.5953,0.0124,0.0174,0.009,0.0085,0.0119,0.0132,0.0107,0.0108,0.0144,0.0223,0.0193,0.0163,0.015,0.1363,0.0133,0.0642,0.0079,0.0079,0.021,0.0094,0.107,0.0165,0.0078,0.0415,0.009,0.0315,0.0092,0.0271,0.022,0.0742,0.0282,0.1812,0.0099,0.019,0.2832,0.0084,0.0459,0.0111,0.0373
1.1359,0.0759,0.0338,0.0869,0.0826,0.0516,0.0368,0.296,0.4269,0.1233,0.2041,0.0366,0.0432,0.3498,0.0292,0.0795,0.0729,0.1661,0.5386,0.0319,0.1016,0.7366,0.0627,0.041,0.0526,0.0456,0.0359,0.1094,0.0594,0.1413,0.0324,0.0414,0.2552,0.0656,0.1834,0.0331,0.071,0.0376,0.2284,0.0306,0.1518,0.0395,2.379,0.1324,0.1139,0.0577,0.0432,0.0346,0.0451,0.0494,0.0457,0.0967,0.0568,0.0488,0.0325,0.0383,0.0917,0.065,0.0529,0.03
0.0407,0.1645,0.0986,0.0609,0.0397,0.0307,1.1074,0.1122,0.0425,0.0848,0.2493,0.0451,0.0629,0.0712,0.0807,0.1262,0.1173,0.0445,0.1053,0.0566,0.7125,0.137,0.0292,0.2213,0.036,0.0307,0.0741,0.0307,0.088,0.0473,0.0287,0.0391,0.3426,0.0538,0.038,0.0693,0.0456,0.0349,0.0592,2.3235,0.149,0.0322,0.0503,0.0549,0.1976,0.2882,0.0519,0.0936,0.0339,0.4149,0.5287,0.1786,0.0324,0.0371,0.066,0.0303,0.0768,0.0487,0.0362,0.0393
0.0387,0.0506,0.0444,2.0889,0.0257,0.0585,0.029,0.0324,0.0322,0.067,0.0491,0.4771,0.1096,0.0274,0.0488,0.0552,0.1243,0.0857,0.0306,0.1981,0.0733,0.0342,0.1452,0.0438,0.2606,0.0804,0.9955,0.0384,0.3762,0.0289,0.0405,0.0612,0.0465,0.2267,0.0309,0.0276,0.1593,0.0569,0.038,0.0695,0.0768,0.1792,0.0936,0.0263,0.0358,0.6447,0.0273,0.0534,0.0359,0.0897,0.0285,0.0351,0.042,0.1353,0.043,0.0337,0.3087,0.1162,0.065,0.1011
0.0336,0.0175,0.0363,0.0174,0.0177,0.0203,0.0138,0.0171,0.025,0.0221,0.0892,0.0164,0.0192,0.0255,0.0154,0.0574,0.0131,0.0422,0.016,0.0143,0.2371,0.0626,0.028,0.0212,0.0152,0.0183,0.0347,0.0376,0.0678,0.0264,0.0724,0.014,0.0203,0.0533,0.0276,0.0146,1.0436,0.1298,0.0156,0.0788,0.0478,0.03,0.0399,0.0239,0.1536,0.3219,0.0301,0.0456,0.0167,0.0195,0.0216,0.0132,0.0323,0.0513,0.0985,0.1134,0.4961,0.1851,0.0231,0.0142
0.0356,0.3282,2.6422,0.0337,0.0621,0.0453,0.0539,0.0346,0.0404,0.0782,0.2871,0.0333,0.0425,0.3896,0.066,0.0436,0.1443,0.0398,0.0448,0.043,0.1864,0.2521,0.0518,0.0606,0.0846,0.047,0.0378,0.0813,0.6036,0.1373,0.0385,0.0511,0.0371,0.0665,0.0415,0.0472,0.1575,0.4743,0.0701,0.0361,0.2257,1.2632,0.1072,0.0553,0.1197,0.0349,0.8165,0.088,0.0584,0.093,0.0499,0.1138,0.0748,0.0985,0.0583,0.1712,0.2036,0.1299,0.072,0.1014
0.0302,0.0333,0.0391,0.0203,0.6968,0.2616,0.1245,0.1021,0.0231,0.0421,0.0374,0.0194,0.035,0.2172,0.033,0.182,0.0512,0.1421,0.0242,0.028,0.0195,0.0273,0.056,0.1566,0.0624,0.035,0.0877,0.0307,0.049,0.0671,0.0215,0.3328,0.0813,0.0192,0.0389,0.0233,0.4495,0.0187,0.046,0.0237,0.0205,0.0215,0.1129,0.0546,0.0759,0.0254,0.0265,0.0708,0.0445,0.0291,0.0276,0.0212,0.0191,1.4707,0.0225,0.031,0.0417,0.0915,0.0589,0.0255
0.0762,0.0335,0.0817,0.1588,0.047,0.0874,0.0465,0.0611,0.0439,0.0702,0.0673,0.0353,0.2106,0.1194,0.0628,0.049,0.055,0.0347,0.0523,0.0532,0.0573,0.0306,0.0406,0.0318,0.0721,0.1461,0.128,0.1886,0.0927,0.0949,0.105,0.0381,0.1369,0.3627,0.0505,0.0307,0.0433,0.0396,0.0368,0.1727,0.0595,0.2682,0.0648,0.0805,0.5639,0.3073,0.0357,0.1012,0.0372,0.0328,0.1124,0.4422,0.041,0.0456,2.4863,0.0423,0.2356,0.0348,1.1806,0.764
0.0203,0.1042,0.7717,0.026,0.0202,0.0423,0.1387,0.0279,0.0737,1.6215,0.0211,0.0386,0.0335,0.1164,0.0594,0.0517,0.2903,0.0261,0.022,0.0236,0.0544,0.0328,0.5004,0.0835,0.3693,0.0275,0.1756,0.0275,0.0695,0.0883,0.0434,0.0211,0.0336,0.0311,0.0371,0.0306,0.0294,0.2025,0.0228,0.0959,0.0306,0.0385,0.0356,0.0777,0.1253,0.1543,0.0616,0.0232,0.0254,0.0478,0.0247,0.0551,0.0342,0.0445,0.2402,0.0244,0.0456,0.0227,0.0495,0.0669
0.0075,0.0041,0.0061,0.0046,0.0226,0.0045,0.0036,0.0058,0.0205,0.2984,0.0062,0.0318,0.0677,0.0438,0.0107,0.0045,0.0107,0.0158,0.0044,0.0261,0.0039,0.0125,0.1406,0.009,0.0092,0.0064,0.0043,0.0183,0.0129,0.0046,0.0371,0.0053,0.0081,0.0282,0.0039,0.0127,0.0039,0.0163,0.0076,0.0043,0.0929,0.0068,0.0534,0.0055,0.01,0.0063,0.0148,0.006,0.004,0.0068,0.008,0.0116,0.0041,0.0056,0.0041,0.0189,0.0097,0.0059,0.0051,0.0079
0.0292,0.6594,0.045,0.0266,0.0335,0.0922,0.0749,0.0865,0.4831,0.0518,0.3825,0.0513,0.0631,0.1816,0.0285,0.0973,0.1193,0.0338,0.0343,0.07,0.0551,0.0398,0.1024,0.0327,0.0434,0.0274,2.1345,0.2658,0.0603,0.3148,0.027,0.0321,0.1487,0.0485,0.0561,0.0784,0.0387,0.0297,0.2038,1.0216,0.0359,0.0476,0.0465,0.0833,0.0303,0.0281,0.1274,0.1104,0.0589,0.0674,0.1649,0.0654,0.0319,0.2319,0.0407,0.0355,0.0424,0.0387,0.0376,0.1381
0.0351,0.0227,0.0159,0.0413,0.0311,0.0117,0.4287,0.1117,0.0117,0.0496,0.0151,0.0246,0.0124,0.0169,0.036,0.0268,0.2042,0.0116,0.0684,0.0195,0.0141,0.0156,0.8985,0.0132,0.0464,0.0312,0.0205,0.038,0.0274,0.0966,0.1348,0.0877,0.0139,0.0221,0.0437,0.0641,0.0112,0.1588,0.0179,0.0772,0.0214,0.0143,0.019,0.0129,0.0124,0.016,0.0123,0.0132,0.0175,0.0287,0.0536,0.0249,0.0168,0.0156,0.0576,0.0329,0.0225,0.0191,0.2808,0.0185
0.0227,0.0137,0.0818,0.0151,0.022,0.0179,0.5118,0.0134,0.0395,0.0434,0.014,0.1352,0.0145,0.0139,0.0754,0.0169,0.3312,0.0152,0.0313,0.025,0.0165,0.0159,0.1019,0.0409,0.0349,0.0915,0.0585,0.0271,0.0198,0.0643,0.019,0.242,0.0156,0.0201,0.0333,0.1573,0.0275,0.0161,0.1917,0.0288,0.0255,0.0208,1.0744,0.0489,0.0343,0.115,0.0153,0.0463,0.0184,0.0185,0.0252,0.0266,0.052,0.0367,0.0555,0.0692,0.0307,0.0214,0.0232,0.0192
0.0226,0.0232,0.3209,0.0349,0.1329,0.2079,0.0278,0.1087,0.0221,0.0205,0.0171,0.0336,0.0389,0.0607,0.0259,0.2516,0.0985,0.0675,0.0411,0.0182,0.1204,0.0215,0.0247,0.0184,0.0498,0.0237,0.0642,0.0359,0.0903,0.0541,0.0725,0.0264,0.0189,0.02,0.0287,0.0471,0.052,0.0196,0.6694,1.4108,0.085,0.1751,0.0278,0.4358,0.1535,0.0296,0.0303,0.0324,0.0408,0.0355,0.0437,0.0783,0.018,0.0581,0.0221,0.0451,0.0214,0.0314,0.0193,0.026
0.0227,0.1351,0.0203,0.0158,0.9212,0.2856,0.4399,0.0286,0.0176,0.0219,0.0136,0.0997,0.0244,0.0182,0.0138,0.014,0.0356,0.0129,0.0313,0.1648,0.0149,0.0113,0.0719,0.0226,0.0121,0.0351,0.0373,0.0154,0.0194,0.0194,0.0123,0.0248,0.0793,0.0545,0.0148,0.0505,0.029,0.115,0.0118,0.0177,0.0169,0.0156,0.027,0.021,0.0162,0.0389,0.2062,0.0183,0.013,0.044,0.0135,0.0587,0.0133,0.0304,0.043,0.0868,0.0645,0.0466,0.026,0.012
0.1354,0.0259,0.0674,0.0271,0.0243,1.9236,0.0244,0.0329,0.0262,0.03,0.0475,0.0287,0.2067,0.0314,0.2398,0.0399,0.2851,0.0409,0.0824,0.062,0.0428,0.0578,0.0313,0.1824,0.9205,0.1658,0.0433,0.0943,0.0478,0.0543,0.0304,0.059,0.0353,0.0643,0.0362,0.1058,0.0462,0.0289,0.0264,0.0991,0.0258,0.0774,0.0373,0.0245,0.0694,0.038,0.1223,0.0745,0.0329,0.0504,0.5959,0.4375,0.0519,0.0883,0.0338,0.1491,0.1148,0.0407,0.3427,0.0279
0.0596,0.1507,0.0346,0.047,0.0623,0.04,0.8422,0.1252,0.0237,0.0323,0.3138,0.0412,0.0247,0.0224,0.0268,0.2183,0.4003,0.024,0.032,0.0979,0.0423,0.2615,0.0851,0.0369,0.0382,0.0804,0.068,0.03,0.0227,0.0481,0.5425,0.0756,0.0264,0.0368,0.1339,0.0281,0.0274,0.0725,0.1147,1.7642,0.0303,0.0296,0.0254,0.044,0.0248,0.0242,0.0648,0.1911,0.0521,0.0287,0.0922,0.0558,0.0352,0.0389,0.0229,0.1056,0.054,0.0333,0.0506,0.1669
0.0362,0.0173,0.6233,0.0194,0.0217,0.027,0.026,0.0292,0.0318,0.0232,0.067,0.0255,0.163,0.0209,0.0235,0.0186,0.0768,0.0565,0.2323,0.0364,0.0434,0.0465,0.032,0.0203,0.1002,0.017,0.0285,0.026,0.0176,0.0355,0.0596,0.0301,0.1918,0.0833,1.3073,0.0183,0.0218,0.3991,0.0186,0.0711,0.0508,0.0425,0.0395,0.0526,0.0196,0.0182,0.0638,0.1246,0.0246,0.1405,0.0226,0.0165,0.033,0.0479,0.1107,0.0164,0.0385,0.2976,0.0929,0.0276
0.08,0.048,0.033,0.0297,0.0551,0.0567,0.0313,0.0246,0.0378,0.1448,0.0246,0.4257,0.0459,0.0506,0.0235,0.0529,0.0421,0.0248,0.0237,0.04,0.5811,0.0251,0.0348,0.8971,0.0606,0.0769,0.0438,0.0264,0.0295,0.18,0.0845,0.0351,0.0291,0.0503,0.0955,0.1214,0.0635,0.3347,0.0282,0.0338,0.0294,0.0651,0.1299,0.2037,0.0903,0.0385,1.8748,0.1037,0.1111,0.2784,0.028,0.0408,0.027,0.0369,0.1605,0.2343,0.0676,0.0726,0.0427,0.0315
0.0527,0.0393,0.0496,0.0766,0.0605,0.0645,0.0358,0.042,0.0341,0.0425,0.2258,0.0541,0.1083,0.0736,0.1215,0.0332,0.2015,0.7313,0.5398,0.0358,0.0305,0.2987,0.1142,0.0603,0.0965,0.0915,0.039,0.1666,0.0457,0.0691,0.0292,0.0387,0.1539,0.0459,0.1835,0.0789,0.0335,0.032,0.0374,0.2555,0.0445,0.3482,0.1422,0.0389,0.0557,0.0483,0.1334,0.4229,2.3716,0.0517,0.032,0.063,1.1324,0.0421,0.0994,0.0862,0.0303,0.0681,0.0341,0.0834
0.3717,0.1617,0.032,1.2007,0.0343,0.0841,0.0376,0.0668,0.0422,0.0495,0.0776,0.1403,0.0917,0.0626,2.5285,0.0545,0.0318,0.0716,0.2407,0.0526,0.1097,0.1216,0.036,0.0406,0.1766,0.195,0.4493,0.2731,0.1304,0.0516,0.0585,0.0634,0.0393,0.0353,0.0384,0.0569,0.0686,0.0487,0.036,0.0804,0.06,0.0986,0.1161,0.0742,0.0436,0.038,0.0419,0.0394,0.0311,0.1492,0.0454,0.5748,0.3181,0.7768,0.0444,0.0473,0.2159,0.0875,0.033,0.1033
0.0162,0.0186,0.0243,0.0886,0.0581,0.0558,0.3124,0.0418,0.0498,0.0472,0.0227,0.1161,0.1054,0.0201,0.0378,0.0335,0.2436,0.0194,0.026,0.0808,1.3729,0.0973,0.0192,0.0286,0.1313,0.0655,0.0192,0.0324,0.0188,0.4255,0.0228,0.0465,0.0315,0.6521,0.0212,0.1714,0.0525,0.0212,0.0715,0.0306,0.0267,0.0173,0.0178,0.2008,0.0754,0.0236,0.0286,0.0292,0.0249,0.0202,0.0359,0.0387,0.0448,0.0401,0.0276,0.022,0.0239,0.1478,0.0351,0.0633
0.106,0.0758,0.0444,0.0575,0.0421,0.0323,0.0294,0.1142,0.1215,0.201,0.0381,0.0978,0.0326,0.2557,0.0344,0.7325,0.4249,0.0428,0.0826,0.0355,0.1404,0.0547,0.0371,0.0885,0.5402,0.0325,0.0328,0.0486,0.0608,0.0479,0.052,2.3822,0.036,0.1297,0.0517,1.1325,0.031,0.0631,0.0399,0.039,0.091,0.2256,0.0418,0.1668,0.0567,0.0502,0.0464,0.0382,0.1017,0.0732,0.0799,0.3478,0.1527,0.297,0.1819,0.0306,0.0715,0.0349,0.0646,0.0672
0.1019,0.1199,0.0311,0.0692,0.061,0.0356,0.0883,0.0524,0.0431,0.0441,0.0248,0.0947,0.0273,0.0239,0.0482,1.712,0.0324,0.2122,0.0651,0.0218,0.031,0.1854,0.0774,0.2508,0.0542,0.1632,0.041,0.045,0.3868,0.5316,0.3054,0.0373,0.8127,0.1314,0.0238,0.0224,0.0361,0.0335,0.0324,0.0237,0.0379,0.0222,0.0489,0.0277,0.0463,0.039,0.0283,0.063,0.0275,0.1465,0.023,0.1082,0.0294,0.0579,0.0253,0.0208,0.0263,0.0816,0.0728,0.0286
0.0231,0.067,0.0329,0.0647,0.0555,0.032,0.1033,0.0305,0.8828,0.0391,0.0298,0.0408,0.1764,0.0379,0.0514,0.0365,0.0956,0.0281,0.0477,0.1436,0.0291,0.0496,0.2739,0.0429,0.0325,0.059,0.0726,0.0351,0.0234,0.0333,0.1195,0.0433,0.0377,0.0265,0.0259,0.0789,0.0248,0.0622,0.076,0.1996,0.0284,0.0409,0.1092,0.0255,0.3317,0.2314,0.1295,0.0244,0.0901,0.1569,0.0249,0.0308,0.5716,0.0482,0.0262,0.0548,1.8523,0.0455,0.084,0.4231
0.0516,0.0221,0.0501,0.019,0.028,0.3351,0.03,0.0451,0.0196,0.0361,0.0681,0.0346,0.0349,0.0229,0.0322,0.026,0.1141,0.0312,0.7047,0.0637,0.023,0.0217,0.0761,0.0717,0.0272,0.0323,0.0394,0.026,0.0232,0.1602,0.0561,0.0469,0.0213,0.054,0.0198,0.1855,0.0818,0.0883,0.4587,0.0201,0.0199,0.0401,0.0611,0.2647,0.0377,0.0243,0.1277,0.1422,0.0282,0.0429,0.0198,0.1041,0.0268,0.0264,0.0409,1.4793,0.2178,0.0184,0.0949,0.0299
0.1153,0.0449,0.0511,0.4507,0.0496,0.0332,0.1409,0.1616,0.5763,0.0361,0.0402,0.0438,0.071,0.1766,0.0342,0.056,0.0544,0.034,0.0835,0.0764,0.1218,0.0411,0.0365,0.0652,0.1309,0.3133,0.0323,0.7773,0.0804,0.3719,0.1926,0.0403,0.1023,0.0589,0.0758,0.2743,0.0885,0.1076,0.0693,0.032,0.0466,0.0387,1.1963,0.0575,0.2157,0.0463,0.0915,0.0478,0.1501,0.2397,0.0966,0.0527,0.0345,0.0444,0.0611,0.0382,0.039,0.0636,2.5134,0.0323
0.0094,0.0242,0.0333,0.0612,0.07,0.008,0.007,0.0106,0.0831,0.01,0.0097,0.0143,0.0309,0.0129,0.0228,0.0098,0.127,0.1014,0.0395,0.0068,0.0535,0.0095,0.0166,0.0105,0.0089,0.0089,0.0268,0.0164,0.0216,0.0076,0.0431,0.019,0.0078,0.0292,0.0194,0.0089,0.0128,0.0155,0.0076,0.021,0.0078,0.0122,0.008,0.0251,0.0365,0.0087,0.2679,0.0145,0.0116,0.0477,0.5616,0.1759,0.0175,0.0139,0.0181,0.0118,0.0125,0.0089,0.0073,0.0108
0.0168,0.0205,0.0244,0.0129,0.0951,0.0544,0.0196,0.0421,0.0291,0.0279,0.3047,0.0209,0.9897,0.0149,0.1078,0.0327,0.0266,0.0262,0.0188,0.2229,0.124,0.0153,0.0187,0.1794,0.0236,0.0637,0.0132,0.0451,0.0166,0.022,0.0124,0.0158,0.0699,0.0174,0.0362,0.0132,0.0178,0.0834,0.0235,0.0124,0.0137,0.0398,0.0512,0.038,0.014,0.0308,0.0158,0.0143,0.0136,0.0313,0.0254,0.0756,0.0213,0.4715,0.0171,0.0588,0.0139,0.0341,0.049,0.1454
0.027,0.0243,0.0512,0.7954,0.0316,0.0498,1.6696,0.0458,0.0535,0.027,0.1071,0.0929,0.117,0.2982,0.0205,0.0312,0.5151,0.0304,0.3774,0.2102,0.0229,0.0297,0.0712,0.0404,0.0442,0.025,0.0354,0.0333,0.0413,0.0259,0.0272,0.1589,0.0241,0.1431,0.1285,0.0209,0.0766,0.0288,0.0366,0.0609,0.0351,0.1807,0.0566,0.0861,0.0475,0.0388,0.0991,0.0336,0.0259,0.0232,0.0228,0.068,0.058,0.0217,0.0223,0.0404,0.0318,0.2477,0.0809,0.064
0.7507,0.0214,0.0326,0.3573,0.0348,0.023,0.1006,0.0375,0.0236,0.0507,0.0709,0.0279,0.0242,0.0401,0.024,0.0605,0.0826,0.0574,0.0293,0.1346,0.0274,0.0279,0.1479,0.0366,0.0479,0.0938,0.0646,0.0298,0.031,0.0325,0.021,0.0214,0.0197,0.0206,0.0467,0.0764,0.4894,0.0687,0.0415,0.1695,0.0251,0.0867,0.2811,0.0232,0.0367,1.5804,0.0199,0.0524,0.0213,0.2314,0.0445,0.1217,0.0556,0.043,0.0255,0.0264,0.1102,0.1956,0.0297,0.0342
0.1585,0.0144,0.0212,0.0607,0.0259,0.0175,0.0173,0.1182,0.015,0.0149,0.0206,0.0167,0.0154,0.0236,0.0158,0.0698,0.0135,0.3383,0.0929,0.0255,0.0322,0.0222,0.0358,0.0843,0.0464,0.0143,0.0274,0.0192,0.0762,0.0181,0.5191,0.0229,0.0495,0.0404,0.0146,0.0179,0.0201,0.0294,0.0242,0.0156,0.054,0.0308,0.0214,1.0907,0.0438,0.0343,0.0144,0.0561,0.2491,0.1925,0.0332,0.0193,0.0301,0.0184,0.0266,0.0415,0.1362,0.0384,0.1044,0.0658
0.027,0.0341,0.0443,0.0533,0.1465,0.0313,0.5855,0.1138,0.1322,0.024,0.0396,0.058,0.0702,0.0551,0.1599,0.0916,0.0283,0.0411,0.0293,0.066,0.3377,0.2028,0.0254,0.0808,0.0335,0.0352,0.0309,0.0491,0.279,0.0257,0.0856,0.4297,0.2366,0.0424,0.0383,0.0249,0.0783,0.029,0.0322,1.9,0.122,0.0273,0.0384,0.1042,0.0468,0.0348,0.0972,0.0245,0.0488,0.0601,0.0233,0.052,0.1829,0.0632,0.0736,0.0271,0.0457,0.9027,0.0361,0.0326
2.191,0.071,0.3906,0.0381,1.0441,0.0356,0.0645,0.0516,0.0469,0.0303,0.0576,0.0346,0.1056,0.0881,0.0603,0.0765,0.111,0.2085,0.2363,0.0622,0.6726,0.1521,0.0292,0.1866,0.08,0.0838,0.1216,0.0326,0.0941,0.0378,0.0418,0.0554,0.027,0.1,0.0428,0.0324,0.4971,0.1299,0.0498,0.0316,0.0298,0.0422,0.0491,0.048,0.1677,0.0282,0.3225,0.0329,0.0454,0.1411,0.0284,0.0306,0.0729,0.2738,0.0657,0.0404,0.0403,0.0365,0.0552,0.0344
0.0468,0.0398,0.0986,0.1405,0.1624,0.1041,0.4805,0.0739,0.116,0.0371,0.1315,0.0635,0.1225,0.0449,0.075,0.0602,0.0396,0.2929,0.0944,0.396,0.0667,0.0825,0.0348,0.1484,0.3348,0.0682,0.0586,0.0351,0.056,0.0352,0.0899,0.0702,0.231,0.207,0.6159,0.0424,0.0625,0.0383,0.0541,0.0436,0.1084,0.2583,0.037,0.0799,0.1744,1.289,0.0526,0.0483,0.0393,0.0489,0.034,0.0474,0.0538,0.0406,0.0434,2.7063,0.1866,0.8356,0.087,0.0512
0.0243,0.0207,0.0398,0.1599,0.0427,0.027,0.0467,0.0268,0.015,0.1033,0.0775,0.0152,0.2481,0.5162,0.0182,0.019,0.0156,0.0174,0.0173,0.0554,0.0376,0.0646,0.0212,0.0144,0.0239,0.0335,1.0839,0.0311,0.0158,0.0148,0.029,0.0928,0.0133,0.029,0.0846,0.0163,0.0703,0.0192,0.0277,0.0224,0.0173,0.0138,0.0344,0.1955,0.0499,0.0523,0.0195,0.0226,0.0323,0.0613,0.0182,0.0228,0.0447,0.0363,0.0141,0.0201,0.1365,0.1194,0.0161,0.3372
0.0545,0.0599,0.2487,0.0459,0.5165,0.0529,0.0703,0.0929,0.0302,0.0571,0.0795,0.1105,0.0434,2.2906,0.0444,0.0635,0.0641,0.0316,0.0411,0.0333,0.0288,0.7051,0.2857,0.0389,0.0487,0.1267,0.0356,0.089,0.0317,0.0738,0.0506,0.3375,1.0893,0.0753,0.1366,0.0839,0.0355,0.1469,0.1953,0.4087,0.1046,0.2173,0.1761,0.0306,0.0299,0.0356,0.0393,0.0413,0.1167,0.0474,0.0373,0.0505,0.034,0.0304,0.0565,0.0971,0.069,0.1608,0.0339,0.0378
0.0309,0.0183,0.0132,0.0248,0.0108,0.0353,0.0128,0.0176,0.0461,0.0111,0.1487,0.0371,0.1857,0.0281,0.0138,0.0125,0.0156,0.2572,0.3938,0.053,0.0154,0.05,0.0155,0.0104,0.0191,0.018,0.012,0.0195,0.8301,0.0144,0.0121,0.0235,0.0112,0.0198,0.103,0.0142,0.0231,0.0645,0.1227,0.0787,0.058,0.0155,0.0259,0.0392,0.0241,0.0209,0.0703,0.0165,0.0894,0.0119,0.0308,0.0131,0.0191,0.0111,0.0109,0.0424,0.0336,0.0218,0.0126,0.0296
0.0294,0.025,0.3641,0.5622,0.0255,0.0234,0.0158,0.0611,0.0328,0.0245,0.0196,0.0999,0.0211,0.2669,0.0325,0.0197,0.1283,0.0367,0.1734,0.0209,0.0223,0.0408,0.0827,0.0275,0.0151,0.0195,0.0753,0.2107,0.0157,0.0686,0.0353,0.0403,0.0431,0.0256,0.0649,0.0281,0.0292,0.0174,0.0222,0.0156,0.0223,0.038,0.1129,0.0172,0.0168,0.0577,0.091,0.0159,0.0447,0.0306,0.0179,0.0484,0.0206,0.0509,0.0156,0.0531,0.0162,0.018,0.1472,1.1808
0.0277,0.0471,0.5139,0.2443,0.0744,0.0215,0.0396,0.0645,0.023,0.0408,0.0533,0.0303,0.0341,0.0373,0.0354,0.0294,0.0671,0.0224,0.0361,0.0505,0.0377,1.6618,0.1414,0.0259,0.1271,0.0212,0.0264,0.7902,0.1795,0.158,0.0321,0.1162,0.0862,0.0993,0.0311,0.0221,0.0239,0.0281,0.3762,0.2959,0.0449,0.0703,0.0912,0.0245,0.0261,0.0266,0.0552,0.0224,0.0802,0.0447,0.0581,0.0501,0.2079,0.0608,0.0253,0.0423,0.1071,0.0323,0.0306,0.022
0.0289,0.0284,0.044,0.0934,0.058,0.0215,0.074,0.1468,0.0199,0.0177,0.0263,0.0199,0.0543,0.0387,0.0266,0.0187,0.0183,0.032,0.6444,0.0357,0.0657,0.0216,0.0613,0.0341,0.0221,0.1293,0.0164,0.0244,0.1685,1.3493,0.0462,0.0233,0.4186,0.0452,0.0397,0.0313,0.0252,0.0785,0.3079,0.0498,0.025,0.1051,0.1164,0.0197,0.07,0.199,0.0234,0.0209,0.0175,0.0178,0.0284,0.0221,0.0328,0.0884,0.0299,0.0415,0.0183,0.0373,0.053,0.2406
0.7935,0.245,0.0812,0.0398,0.0287,0.0371,0.0533,1.673,0.0266,0.0416,0.046,0.0924,0.0477,0.029,0.0353,0.0688,0.03,0.0608,0.0647,0.021,0.024,0.0218,0.0747,0.0503,0.0201,0.0361,0.1003,0.0343,0.0272,0.0431,0.159,0.1066,0.128,0.0252,0.0279,0.0717,0.023,0.2093,0.0251,0.0234,0.0329,0.0588,0.0387,0.0224,0.1409,0.0854,0.1154,0.0256,0.1801,0.0304,0.5136,0.0211,0.0316,0.3806,0.0435,0.0505,0.2968,0.0232,0.0565,0.0302
0.2751,0.0243,0.0235,0.064,0.0553,0.4225,0.2022,0.0235,0.0486,0.0419,0.89,1.8605,0.0377,0.0268,0.1591,0.0593,0.0328,0.0314,0.0405,0.0264,0.0302,0.0419,0.1789,0.0956,0.1298,0.1116,0.0305,0.0267,0.039,0.0759,0.0466,0.0283,0.1462,0.0345,0.0339,0.082,0.025,0.0454,0.5751,0.12,0.051,0.2329,0.056,0.0715,0.0442,0.0832,0.0283,0.0345,0.0632,0.0248,0.0259,0.0359,0.0521,0.1033,0.0899,0.028,0.0366,0.0304,0.0681,0.3326
0.2882,0.0489,0.1115,0.7685,0.174,0.025,0.0881,0.0592,0.0212,0.0288,0.0317,0.1999,0.2362,0.4957,0.0659,0.0228,0.021,0.0481,0.0964,0.0335,0.0328,0.0298,0.0681,0.0213,0.3662,0.0413,0.0228,0.1361,0.0347,1.6129,0.0259,0.1239,0.0423,0.1037,0.0209,0.0274,0.022,0.074,0.0206,0.0257,0.153,0.0398,0.038,0.0787,0.0544,0.0512,0.0834,0.0377,0.0266,0.0241,0.0308,0.0297,0.056,0.0246,0.0279,0.045,0.0228,0.062,0.0364,0.0437
0.0211,0.0786,0.0294,0.0221,0.0549,0.0388,0.0312,0.2175,0.0348,0.0158,0.0936,0.0248,0.1521,0.1789,0.0164,0.0235,0.0194,0.0147,0.0172,0.117,0.0678,0.027,0.0335,0.0453,0.018,0.0181,0.0193,0.037,0.0357,0.0254,0.0525,0.0212,0.0295,0.0219,0.0589,0.0163,0.0188,0.0862,0.0153,0.3756,1.2223,0.0467,0.0287,0.0502,0.0202,0.0224,0.5816,0.0197,0.0409,0.0182,0.0618,0.0161,0.0423,0.0722,0.1049,0.0329,0.1318,0.0244,0.2755,0.0264
0.0461,0.0362,0.1859,0.1356,0.0727,0.0854,0.158,0.4758,0.2519,0.3939,0.2046,0.0781,0.0586,0.049,0.2292,0.1716,0.1147,0.0516,0.0442,0.0379,1.2706,0.0476,0.0756,0.0681,0.0991,0.0553,0.0527,0.1021,0.0341,0.287,2.6649,0.1473,0.0335,0.1092,0.0399,0.0407,0.8217,0.0356,0.0346,0.0479,0.3321,0.6038,0.0412,0.061,0.0923,0.0822,0.0697,0.0372,0.0429,0.0398,0.064,0.0575,0.1296,0.0884,0.0352,0.1202,0.0635,0.054,0.0381,0.0453
0.0224,0.0227,0.0166,0.0782,0.0594,0.0138,0.0225,0.0553,0.0172,0.0987,0.0178,0.1651,0.2815,0.02,0.0427,0.4337,0.0271,0.0119,0.0502,0.0303,0.1321,0.0154,0.0191,0.0296,0.0211,0.0133,0.2064,0.0879,0.0325,0.0709,0.0141,0.1159,0.0317,0.0115,0.02,0.0172,0.0129,0.024,0.0127,0.0143,0.0207,0.0117,0.0117,0.0124,0.037,0.0145,0.0443,0.0151,0.0258,0.0243,0.0122,0.0642,0.0346,0.0471,0.0181,0.0161,0.0162,0.9148,0.028,0.0394
1.3291,0.0847,0.0262,0.0232,0.0219,0.0182,0.0289,0.3015,0.024,0.0179,0.0412,0.1967,0.0445,0.0517,0.02,0.144,0.0541,0.0322,0.0241,0.0212,0.0797,0.0403,0.0225,0.0194,0.0604,0.035,0.0173,0.0265,0.0252,0.0326,0.2397,0.0173,0.0175,0.0459,0.0363,0.0564,0.0195,0.1265,0.029,0.0205,0.0691,0.1649,0.6362,0.019,0.0927,0.0637,0.1025,0.0289,0.0336,0.0169,0.0217,0.0427,0.1129,0.4112,0.0181,0.0267,0.0373,0.0736,0.0306,0.0489
0.1491,0.2794,0.0527,0.0851,0.4819,0.1078,0.1688,0.0253,0.0319,0.0631,0.0552,0.0712,0.0207,0.028,0.23,0.0199,0.0236,0.1947,0.0217,0.0239,0.0301,0.0384,0.0206,0.0327,0.0426,0.0268,0.0989,0.021,0.0311,0.0485,0.0226,0.0352,0.0245,0.0266,0.743,0.0225,0.0243,0.0503,0.0331,0.0287,0.0193,0.0456,0.0269,0.0436,0.0574,0.0756,0.1313,0.1202,1.5635,0.0653,0.0363,0.0293,0.0206,0.0931,0.0386,0.3548,0.0595,0.0412,0.0358,0.0805
0.0054,0.0327,0.0168,0.008,0.0026,0.0025,0.0032,0.0036,0.0081,0.0026,0.0035,0.003,0.0043,0.0189,0.0028,0.0022,0.0034,0.0137,0.0034,0.0025,0.0065,0.0042,0.0064,0.0409,0.0104,0.0035,0.0089,0.0039,0.0027,0.0101,0.0043,0.1775,0.0262,0.0045,0.0223,0.0124,0.0077,0.0037,0.0118,0.0073,0.0154,0.0055,0.0029,0.0048,0.0031,0.0025,0.003,0.0046,0.0026,0.0027,0.0022,0.0023,0.0057,0.0048,0.0841,0.0071,0.0039,0.0552,0.0038,0.0054
0.0671,0.1176,0.0395,0.0323,0.0247,0.0345,0.1949,0.0405,0.1014,1.8172,0.0459,0.0575,0.0479,0.3244,0.0822,0.0502,0.0279,0.0873,0.0272,0.0319,0.0255,0.2677,0.0415,0.0602,0.8685,0.0564,0.07,0.0302,0.1745,0.0373,0.0232,0.0449,0.024,0.063,0.0742,0.0433,0.1264,0.2265,0.0259,0.0241,0.0249,0.0332,0.1383,0.093,0.0348,0.0392,0.0263,0.0354,0.0286,0.0238,0.0273,0.414,0.1555,0.0517,0.0784,0.0282,0.0532,0.0301,0.561,0.1085
0.1195,0.0534,0.0425,0.024,0.0222,0.0369,0.0203,0.0206,1.2591,0.0172,0.051,0.0391,0.018,0.0252,0.0244,0.0317,0.0289,0.0278,0.0327,0.0493,0.0983,0.0651,0.0215,0.2259,0.0217,0.0253,0.0696,0.0307,0.0361,0.0185,0.5989,0.0176,0.3896,0.0189,0.0158,0.1073,0.0193,0.1867,0.0206,0.0233,0.0791,0.0261,0.0574,0.0457,0.0877,0.0179,0.035,0.285,0.03,0.0163,0.0384,0.1369,0.0169,0.0613,0.0743,0.0171,0.0161,0.1576,0.0442,0.0267
0.0443,0.1044,0.1268,0.0852,0.0415,0.0424,0.3432,0.1617,0.0776,0.0569,0.4155,0.0703,0.0375,0.029,0.1128,0.0397,0.0602,0.0347,0.2194,0.2518,0.0587,0.0307,0.0545,0.0367,0.0342,0.0724,0.0335,0.2891,0.1375,2.3089,0.1473,0.0676,0.1992,0.0986,0.0456,0.5248,0.0318,0.044,0.0466,0.0632,0.0804,0.0534,0.0357,0.034,0.0491,0.0295,0.1183,0.0301,0.0521,1.0975,0.0891,0.0659,0.7143,0.0497,0.0405,0.0314,0.1774,0.0335,0.0374,0.0934
0.0398,0.0291,0.173,0.0468,0.0399,0.0281,0.0323,0.2811,0.0586,0.5099,0.0685,0.0876,0.0743,0.0282,0.0508,0.0311,0.0454,0.1026,0.0633,0.1091,0.0308,0.0604,0.0442,0.0338,0.0325,2.2461,0.095,1.0736,0.0336,0.3306,0.0421,0.0368,0.0808,0.4018,0.0301,0.1345,0.0916,0.051,0.0346,0.0378,0.0356,0.0552,0.2133,0.1916,0.0413,0.0298,0.1253,0.2447,0.1438,0.0794,0.0715,0.0528,0.6959,0.0468,0.0661,0.057,0.0382,0.1583,0.0485,0.1158
0.0809,0.0294,0.1681,0.3899,0.0473,1.0438,0.0368,0.0577,0.0286,0.1535,0.029,0.0699,0.2094,0.0996,0.0319,0.0854,2.1929,0.0472,0.0761,0.0523,0.4996,0.2372,0.0535,0.0555,0.05,0.0424,0.0357,0.0413,0.0392,0.139,0.059,0.046,0.073,0.0363,0.1047,0.0643,0.0439,0.0279,0.1296,0.0635,0.323,0.2724,0.0875,0.041,0.0332,0.0313,0.0342,0.03,0.0286,0.0353,0.114,0.0439,0.6754,0.0664,0.0378,0.1207,0.1853,0.0322,0.0942,0.03
0.0605,0.027,0.0371,0.0891,0.1857,0.0173,0.0352,0.0207,0.0288,0.029,0.0654,0.0696,0.0162,0.0221,0.0215,0.1585,0.0182,1.2653,0.0208,0.052,0.0197,0.0815,0.048,0.0237,0.3914,0.0157,0.2888,0.0762,0.0187,0.0386,0.0261,0.0173,0.0168,0.0444,0.2271,0.0252,0.1204,0.0355,0.018,0.0315,0.019,0.0201,0.0332,0.0402,0.6058,0.0194,0.0248,0.0419,0.0979,0.0158,0.1365,0.1082,0.0241,0.0574,0.0466,0.0308,0.0542,0.0272,0.0331,0.0222
0.0305,0.2962,0.0559,0.0818,0.0381,0.0669,0.0313,0.0512,0.0539,0.0345,0.1086,0.0322,0.0357,0.0604,0.0748,0.1194,0.0302,0.0626,0.037,0.0321,0.0411,0.0494,0.0873,0.1155,0.0963,1.1207,0.0331,0.1395,0.2259,0.043,0.0781,2.3591,0.035,0.0906,0.0355,0.1815,0.0633,0.1301,0.0481,0.3511,0.7249,0.5376,0.0698,0.1529,0.0535,0.0401,0.0457,0.0431,0.202,0.0727,0.1008,0.0568,0.0314,0.1646,0.0399,0.0377,0.0439,0.4197,0.0483,0.2586
0.0238,0.017,0.1318,0.0227,0.0197,0.0516,0.0173,0.0219,0.0234,0.0549,0.0304,0.0183,0.0283,0.047,0.0158,0.0293,0.0208,0.3775,0.0598,0.0794,0.0669,0.0257,0.0169,0.0311,0.0325,0.1544,0.1814,0.0196,0.0427,0.5814,0.2189,0.0158,0.0336,0.0374,0.063,0.0166,0.0159,0.0213,0.0204,0.0216,0.1043,0.019,0.0388,0.0726,0.0877,0.0187,0.0246,0.0343,1.2262,0.278,0.0932,0.1176,0.0273,0.0362,0.0262,0.0177,0.045,0.0421,0.0503,0.0178
0.0247,0.0402,0.1254,0.0215,1.316,0.0482,0.0532,0.017,0.1008,0.0173,0.0175,0.6285,0.0365,0.0413,0.0194,0.0167,0.1939,0.0318,0.0783,0.2362,0.0189,0.083,0.0716,0.0214,0.0305,0.0184,0.1437,0.038,0.0439,0.066,0.0922,0.0503,0.4067,0.0339,0.02,0.0218,0.0168,0.0571,0.0631,0.0598,0.0225,0.0452,0.0274,0.0375,0.0287,0.1626,0.0235,0.0251,0.0246,0.0269,0.0326,0.0203,0.0188,0.0319,0.0275,0.0186,0.1116,0.0286,0.2963,0.0237
0.1252,0.0526,0.0373,0.0427,0.03,0.0337,0.1483,0.2858,0.2176,0.0579,0.0361,0.0287,0.0983,0.0409,0.0374,0.0495,0.159,0.0362,2.2773,0.0591,0.0306,0.0725,0.1737,0.0296,0.1171,0.0476,0.0336,0.3367,0.0507,0.0559,0.0703,0.0453,0.0448,0.041,0.0391,0.0311,0.0845,0.0422,0.7012,0.0324,0.0766,0.4067,0.0918,0.062,0.0644,0.1941,0.0539,0.0409,0.0785,0.0671,0.1086,0.0324,0.1359,0.0283,1.0873,0.0866,0.103,0.0338,0.5193,0.2466
0.0424,0.2292,0.0278,0.065,0.0517,0.0454,0.0207,0.035,0.0288,0.0324,0.037,0.0264,1.2895,0.0205,0.0337,0.0196,0.0177,0.0316,0.0225,0.0573,0.0763,0.6151,0.1093,0.1595,0.0245,0.0702,0.0986,0.0493,0.0217,0.0819,0.1381,0.0259,0.186,0.0404,0.1225,0.0474,0.0305,0.03,0.0232,0.292,0.02,0.0277,0.3961,0.0194,0.0887,0.0235,0.0183,0.0631,0.0248,0.0221,0.0552,0.0198,0.0166,0.0388,0.016,0.0164,0.0169,0.0359,0.0172,0.0184
0.1584,0.048,0.0685,0.2561,0.0503,0.0882,0.132,0.0654,0.0991,0.0258,0.1223,0.0436,0.0281,0.0363,0.0336,0.0443,0.0258,0.0321,0.026,0.041,0.0452,0.0372,0.1942,0.0334,0.22,0.0618,0.0466,0.0824,0.0746,0.3661,0.1055,0.1449,0.031,0.0715,0.4638,0.1142,0.0362,0.0296,0.0303,0.0286,0.0274,0.038,0.0552,0.0333,0.6311,0.0533,0.9767,0.0416,0.06,0.0517,0.079,0.3007,2.0539,0.0398,0.0581,0.1718,0.0345,0.0928,0.0277,0.0278
0.0462,0.0213,0.023,0.015,0.0181,0.0144,0.1235,0.0222,0.0632,0.0215,0.3505,0.0239,0.0262,0.0275,0.0588,0.0295,0.0316,0.0355,0.1094,0.0164,0.0726,0.1416,0.0273,0.0313,0.0869,0.0171,0.0145,0.0329,0.0174,0.0158,1.1335,0.0142,0.048,0.0161,0.0958,0.0223,0.0519,0.0288,0.0793,0.018,0.0189,0.0546,0.0147,0.0247,0.0668,0.0422,0.0193,0.0169,0.038,0.0203,0.0194,0.0158,0.1674,0.0343,0.5406,0.2035,0.0396,0.0439,0.2572,0.0259
0.0981,0.0216,0.0446,0.0437,0.0392,0.0304,0.118,0.0367,0.0198,0.0521,0.145,0.0617,0.0744,0.0254,0.0257,0.0331,0.1293,0.0698,0.0407,0.4726,1.5401,0.2734,0.0565,0.0415,0.2286,0.0273,0.0223,0.35,0.0234,0.0374,0.0288,0.027,0.0352,0.0324,0.0845,0.7347,0.0541,0.0475,0.022,0.0316,0.0295,0.0475,0.1078,0.0584,0.0282,0.025,0.0195,0.0237,0.0239,0.0643,0.0787,0.0356,0.0229,0.0202,0.0905,0.1659,0.1909,0.0191,0.0222,0.0198
0.0392,0.0213,0.0263,0.9517,0.0292,0.0216,0.0171,0.0899,0.0153,0.013,0.2915,0.0153,0.0298,0.0144,0.0188,0.0134,0.0201,0.0272,0.0239,0.0402,0.0426,0.0318,0.0176,0.1391,0.0129,0.0181,0.0249,0.0162,0.456,0.1023,0.0205,0.0278,0.0523,0.0129,0.0368,0.0665,0.012,0.0141,0.0492,0.0148,0.0182,0.0608,0.0344,0.119,0.0459,0.0127,0.0124,0.0329,0.0168,0.1717,0.0566,0.215,0.0727,0.0816,0.0233,0.0197,0.015,0.0231,0.0133,0.0147
0.0141,0.02,0.2206,0.0146,0.0181,0.013,0.0294,0.0933,0.0198,0.0346,0.0331,0.0635,0.0186,0.0288,0.0239,0.0154,0.0132,0.027,0.0468,0.142,0.0131,0.0165,0.0161,0.058,0.0152,0.0247,0.026,0.0151,0.0542,0.0371,0.0354,0.9722,0.0688,0.019,0.0159,0.0137,0.017,0.1044,0.0277,0.0116,0.0144,0.0751,0.0123,0.301,0.0424,0.0213,0.0239,0.0389,0.1203,0.0187,0.0442,0.0509,0.0176,0.0305,0.0839,0.0202,0.4615,0.171,0.0225,0.0143
0.045,0.0801,0.3063,0.116,0.0509,0.0257,0.6397,0.0225,0.0306,0.0616,0.0288,0.4175,0.0525,1.3457,0.1982,0.0244,0.0287,0.0187,0.0869,0.0744,0.0345,0.0177,0.0217,0.1033,0.0459,0.0381,0.0335,0.0647,0.0175,0.0186,0.0316,0.1689,0.0434,0.0235,0.0175,0.0211,0.027,0.0338,0.0232,0.0935,0.0195,0.0176,0.0205,0.0211,0.0417,0.0197,0.039,0.054,0.0254,0.129,0.2391,0.0201,0.025,0.0231,0.07,0.0176,0.1455,0.0574,0.0359,0.0298
0.0475,0.0329,0.0315,0.025,0.0312,0.0372,0.0292,0.0687,0.0447,0.0712,0.0858,0.0435,0.1109,0.0292,0.0218,0.1676,0.148,0.1251,0.028,0.0509,0.1349,0.0244,0.0407,0.2594,0.0223,0.0431,0.315,0.0359,0.0381,1.7558,0.5408,0.0588,0.0253,0.0337,0.0904,0.0264,0.0283,0.1886,0.0227,0.0466,0.0654,0.0556,0.0347,0.1042,0.0976,0.0253,0.0625,0.0232,0.0244,0.0799,0.3977,0.053,0.0493,0.836,0.2185,0.025,0.0379,0.0755,0.0273,0.0312
0.0786,0.0253,0.0292,0.0236,0.1179,0.0998,0.1288,0.0483,0.0641,0.0246,0.0516,0.0234,0.0333,1.8286,0.5642,0.4143,0.0308,0.0441,0.0708,0.0335,0.088,0.0309,0.2265,0.0419,0.0273,0.0308,0.0368,0.8726,0.1414,0.0256,0.047,0.0493,0.0459,0.197,0.0394,0.0835,0.0283,0.0267,0.037,0.1556,0.0533,0.1085,0.023,0.0663,0.0302,0.0423,0.0551,0.3259,0.2694,0.0242,0.0745,0.0572,0.0359,0.1724,0.0602,0.0386,0.0945,0.0274,0.0343,0.0254
0.3059,0.1317,0.0726,0.0567,0.0292,0.0412,0.0353,0.0498,0.1236,0.0284,0.0764,0.0301,0.026,0.1612,0.0265,0.1066,0.0477,0.6414,0.037,0.0838,0.0376,0.055,0.0382,0.0473,0.2239,0.0685,0.0587,0.2589,0.0664,0.0503,0.0434,0.0309,0.114,0.0452,0.9898,0.0532,0.0268,0.0616,0.0269,0.1003,0.0883,0.4723,0.1981,2.0811,0.0326,0.0294,0.0343,0.0423,0.0398,0.0313,0.0965,0.0391,0.1472,0.0348,0.1758,0.0332,0.0634,0.0283,0.0809,0.3708
0.0975,0.0239,0.0435,0.0315,0.0294,0.03,0.0205,0.1115,0.0271,0.0214,0.0145,0.0117,0.058,0.0152,0.2057,0.0639,0.0688,0.0346,0.0148,0.0138,0.0167,0.0182,0.0261,0.2776,0.0165,0.086,0.0469,0.0187,0.0256,0.0126,0.0175,0.0235,0.0119,0.0162,0.0326,0.903,0.0135,0.0367,0.0388,0.0153,0.0772,0.0409,0.0133,0.0114,0.012,0.1598,0.0126,0.0242,0.02,0.0147,0.0205,0.0173,0.0538,0.0124,0.0501,0.0182,0.4286,0.0131,0.0215,0.1347
1.824,0.1087,0.0586,0.0318,0.128,0.0323,0.0289,0.1545,0.1738,0.0371,0.0883,0.0234,0.1018,0.3277,0.0268,0.0417,0.0387,0.0246,0.0398,0.4153,0.0636,0.0228,0.0342,0.0466,0.075,0.0502,0.0238,0.0518,0.0338,0.0273,0.0257,0.1955,0.0245,0.0301,0.2267,0.0447,0.0324,0.8707,0.0671,0.0467,0.0355,0.0223,0.03,0.0788,0.1398,0.0438,0.0282,0.0939,0.04,0.0248,0.559,0.0364,0.0558,0.2685,0.1155,0.0277,0.0706,0.0818,0.0615,0.0515
0.0574,0.1153,0.04,0.0667,0.1341,0.0323,0.5934,0.0505,0.0786,0.147,0.0339,0.0273,0.2402,0.0261,0.3434,0.0249,0.0353,0.04,0.0358,0.0472,0.0246,0.038,0.1236,0.0541,0.0279,1.9278,0.0699,0.1824,0.0645,0.0435,0.0301,0.1648,0.0288,0.0865,0.1016,0.0487,0.0463,0.0821,0.0284,0.0304,0.0735,0.0252,0.285,0.0411,0.0243,0.2077,0.0541,0.0432,0.0298,0.026,0.0624,0.0348,0.0318,0.0388,0.0592,0.9194,0.1062,0.4367,0.0939,0.0318
0.0264,0.0189,0.0998,0.0177,0.0391,0.135,0.6757,0.0252,0.0222,0.0223,1.4186,0.1087,0.0252,0.0194,0.0518,0.024,0.0838,0.3246,0.0732,0.0471,0.441,0.1553,0.0209,0.0234,0.0319,0.0347,0.0423,0.041,0.0603,0.043,0.0463,0.0183,0.0912,0.0638,0.0196,0.0681,0.0572,0.0207,0.0291,0.0198,0.0328,0.0506,0.0271,0.1205,0.0379,0.0336,0.1788,0.0784,0.0296,0.2076,0.0358,0.2565,0.0179,0.0314,0.0222,0.0239,0.0204,0.0541,0.0293,0.0258
0.037,0.0363,0.081,0.0301,0.0303,0.1598,0.045,0.1234,0.0463,0.076,0.1966,0.0389,2.0891,0.0937,0.0269,0.031,0.0637,0.1073,0.0704,0.2599,0.0343,0.4696,0.6409,0.0385,0.1455,0.0262,0.089,0.0546,0.0728,0.0411,0.3048,0.3739,0.9895,0.0437,0.1343,0.0599,0.0265,0.029,0.0294,0.0659,0.0423,0.0331,0.0318,0.1149,0.2248,0.0529,0.0319,0.0361,0.0573,0.1763,0.0274,0.0284,0.0846,0.0405,0.0611,0.0335,0.0511,0.0471,0.1022,0.0492
0.033,0.0187,0.6722,0.0686,0.019,0.0726,0.0293,0.0244,0.1072,0.1197,0.4357,0.0468,0.1531,0.0436,0.0308,0.0235,0.2071,0.0834,0.05,0.0261,0.024,0.135,0.091,0.022,0.029,0.0193,0.0253,0.177,0.027,0.3195,0.0358,0.0601,0.0278,0.0423,0.0199,0.0299,0.0203,0.0256,0.0204,0.0172,0.0552,0.023,0.0353,0.0635,0.0459,0.0218,0.0572,0.0989,1.4102,0.0322,0.0401,0.0186,0.0786,0.0216,0.0518,0.0211,0.252,0.0356,0.038,0.0184
0.0152,0.0759,0.2472,0.0267,0.5206,0.0175,0.0404,0.0314,0.0194,0.0164,1.0954,0.014,0.0383,0.0152,0.016,0.0183,0.0832,0.0152,0.0173,0.0141,0.023,0.0353,0.1606,0.0616,0.0647,0.0462,0.0228,0.0282,0.0404,0.0342,0.036,0.0192,0.0277,0.0935,0.0185,0.0188,0.1362,0.0207,0.119,0.015,0.0449,0.0141,0.0529,0.0156,0.0182,0.0249,0.0319,0.105,0.3382,0.0237,0.0219,0.0206,0.0144,0.0562,0.0702,0.0236,0.0256,0.0493,0.196,0.0298
0.0254,0.0351,0.1333,0.0404,0.031,0.0255,0.0622,1.7471,0.3959,0.0256,0.0419,0.1215,0.0308,0.0793,0.0229,0.5351,0.0261,0.091,0.312,0.0338,0.0244,0.188,0.1662,0.1034,0.027,0.0316,0.0386,0.022,0.0532,0.0557,0.0665,0.1493,0.2177,0.0834,0.0217,0.0274,0.0339,0.0226,0.0492,0.0226,0.0451,0.0293,0.0719,0.1093,0.2547,0.0238,0.0579,0.0367,0.0288,0.8285,0.0461,0.0323,0.039,0.0412,0.0288,0.0741,0.0511,0.0605,0.0962,0.0476
0.0111,0.0424,0.0183,0.0196,0.0103,0.046,0.0084,0.0265,0.1085,0.0126,0.0139,0.0114,0.0102,0.0578,0.0218,0.0097,0.0093,0.0121,0.0115,0.0176,0.6042,0.038,0.0077,0.0363,0.009,0.0085,0.0109,0.0746,0.0086,0.0101,0.0131,0.0248,0.0202,0.0158,0.0073,0.0133,0.0297,0.0097,0.0659,0.0314,0.0088,0.1874,0.008,0.0082,0.0231,0.0169,0.0225,0.088,0.0148,0.0329,0.0152,0.0514,0.0282,0.0148,0.139,0.2894,0.0082,0.0173,0.0119,0.0107
0.0641,0.0357,0.0403,0.2647,0.0703,0.6261,0.2126,0.0386,0.0811,0.0554,0.055,0.0469,0.0486,0.0732,0.078,2.7632,0.0417,0.405,0.0359,0.1409,0.1124,0.0969,0.0613,0.0579,0.1202,0.0355,0.4928,0.0538,0.0444,0.1269,0.0475,0.075,0.1773,0.037,0.1036,0.0369,0.047,0.0673,0.0365,0.0517,0.1655,0.0502,0.0593,0.3435,1.3158,0.0842,0.04,0.0922,0.0422,0.8571,0.1538,0.0438,0.2985,0.0652,0.1918,0.2338,0.107,0.1322,0.0447,0.0876
0.0227,0.3489,0.2714,0.73,0.2254,0.0334,0.0568,0.0328,0.029,0.042,0.023,0.0248,0.0212,0.193,0.0986,0.085,0.0218,0.0389,0.0512,0.1645,0.0218,0.0375,0.132,0.0407,0.0259,0.4738,0.049,0.0258,0.0198,1.5375,0.0237,0.0796,0.0197,0.1065,0.0699,0.0292,0.0201,0.0311,0.0904,0.0283,0.0751,0.0451,0.053,0.0336,0.0277,0.0218,0.0656,0.1167,0.0468,0.031,0.0196,0.0364,0.0428,0.0206,0.0266,0.0624,0.0243,0.1445,0.0351,0.0583
0.2208,0.0251,0.0296,0.0247,0.0236,0.7181,0.0458,0.0196,0.145,0.0607,0.0282,0.028,0.0206,0.0199,0.0192,0.0535,0.0264,0.1045,0.0436,1.5042,0.1272,0.0555,0.0317,0.0383,0.0652,0.0231,0.0369,0.0496,0.037,0.022,0.0957,0.021,0.0408,0.0324,0.0831,0.0201,0.0331,0.029,0.0672,0.0568,0.1626,0.0433,0.0212,0.0308,0.3434,0.0245,0.0188,0.039,0.0268,0.2684,0.024,0.0733,0.1901,0.0342,0.089,0.4633,0.0479,0.116,0.0783,0.0225
0.1845,0.0671,0.0597,0.0773,0.0326,0.353,0.1677,0.123,0.0404,0.4306,0.0395,0.0713,0.0489,0.0973,0.7474,0.0861,0.1036,0.0314,0.0468,0.0618,0.0799,0.0585,0.0453,0.0551,0.0335,0.0383,0.3006,0.0424,0.075,0.0447,0.2299,0.543,0.0366,0.2061,0.0625,2.4082,0.0507,0.0874,0.133,0.0348,0.054,0.0365,0.1555,0.068,0.0923,0.0383,0.0343,0.0428,0.1176,0.0317,0.0311,0.0522,0.1446,0.0298,1.1532,0.0347,0.2603,0.1096,0.0391,0.0498
0.015,0.8744,0.0151,0.023,0.0612,0.0175,0.0506,0.0158,0.024,0.0176,0.0114,0.0114,0.0142,0.0122,0.0382,0.0677,0.0267,0.095,0.0164,0.0141,0.0198,0.4172,0.0207,0.0192,0.0165,0.056,0.038,0.1566,0.0133,0.0169,0.2709,0.0454,0.0242,0.083,0.0118,0.1288,0.0121,0.0426,0.1979,0.0117,0.0308,0.0326,0.012,0.0146,0.0261,0.0109,0.0133,0.0213,0.0192,0.0124,0.0739,0.1105,0.0232,0.035,0.0296,0.0185,0.0142,0.0277,0.0317,0.0483
0.1097,0.0592,0.927,0.209,0.0462,2.9832,0.0783,0.0564,0.0993,0.1039,0.0572,0.0493,0.0834,0.2297,0.0437,0.0394,0.0531,0.1547,0.322,0.0638,0.0525,0.2565,0.1636,0.1936,0.0631,0.1291,0.0686,0.0719,0.0722,0.0468,0.0913,0.0949,0.1369,0.5327,0.0876,0.2833,0.0425,0.0446,0.0537,0.1453,0.6763,0.0412,0.0501,0.04,0.3732,0.0376,0.0474,0.0756,0.0817,0.0604,0.438,0.1779,0.0389,0.0377,0.1197,0.0502,1.4196,0.1152,0.0656,0.0422
0.021,0.0185,0.047,0.0379,0.0629,0.0785,0.084,0.0257,0.0153,0.0343,0.0671,0.0266,0.0942,0.0216,0.033,0.0153,0.0498,0.0299,0.0327,0.0166,0.0547,0.1774,0.018,0.028,0.0241,0.1034,0.0285,0.1322,0.058,0.0424,0.0444,0.3755,0.0162,0.0194,0.0186,0.0211,0.1523,0.024,0.0259,0.5782,1.2125,0.2729,0.0176,0.0223,0.0174,0.0209,0.0304,0.217,0.0362,0.0201,0.0412,0.0715,0.0247,0.0179,0.0226,0.0162,0.1151,0.0524,0.0161,0.0362
0.1578,0.0631,0.0253,0.0852,0.024,0.0552,0.0908,0.0333,0.0216,0.1777,0.0225,0.0272,0.0208,0.3677,0.0236,0.0389,0.0238,0.0532,0.0259,0.0677,0.0357,0.0335,0.0222,0.0404,0.0409,0.0376,0.0491,0.0322,0.0279,0.031,0.0604,1.6431,0.0988,0.1057,0.0209,0.1148,0.0711,0.0215,0.2026,0.0366,0.0305,0.0255,0.2929,0.0439,0.0348,0.125,0.0223,0.0285,0.0253,0.0299,0.0797,0.0453,0.7799,0.5063,0.1387,0.0574,0.0744,0.0436,0.0476,0.2412
0.0384,0.0244,0.5628,0.0228,0.173,0.0306,0.0302,0.1174,0.2269,0.0821,0.0343,0.0271,0.1292,0.0282,0.0671,0.0237,0.0238,0.1004,0.1403,0.0352,0.0431,0.0248,0.0239,0.0484,0.0276,0.0789,0.028,0.0299,0.0336,0.0733,0.0631,0.0609,0.0381,0.1546,1.8241,0.0698,0.2679,0.0392,0.0881,0.0511,0.3275,0.0255,0.0401,0.0422,0.1087,0.0944,0.0459,0.0586,0.0266,0.0559,0.4126,0.8662,0.0368,0.0542,0.0329,0.026,0.0322,0.0446,0.198,0.0497
0.0215,0.0586,0.3835,0.0363,0.0229,0.0452,0.0618,0.0342,0.1828,0.088,0.0445,0.0401,0.0393,0.0941,0.0248,1.6939,0.0303,0.0326,0.0252,0.1085,0.0223,0.0823,0.1313,0.0652,0.1013,0.0419,0.0438,0.0366,0.0222,0.0239,0.021,0.0338,0.0285,0.0272,0.2508,0.025,0.0347,0.0564,0.0484,0.0507,0.0284,0.2995,0.0329,0.1432,0.0292,0.8028,0.0307,0.0517,0.027,0.0681,0.0278,0.2103,0.0724,0.5177,0.0545,0.1177,0.0226,0.0762,0.1607,0.0254
2.4901,0.0589,0.0488,0.162,0.039,0.13,0.04,0.4459,0.0831,0.0453,0.0614,0.0423,0.0343,0.0489,0.3109,0.08,0.0663,0.1379,0.0452,0.0385,0.0497,0.211,0.3669,0.2706,0.0674,0.0355,0.1917,0.12,0.0769,0.0565,0.0943,0.0322,0.0333,0.0598,0.1742,0.0368,0.1076,0.0724,0.1017,0.775,0.0703,0.0388,0.1131,0.0926,1.1861,0.2399,0.0325,0.5652,0.0532,0.0357,0.1475,0.064,0.0367,0.087,0.0521,0.043,0.0335,0.0312,0.0462,0.0419
0.0483,0.032,0.1761,0.0741,0.1029,0.0297,0.0791,0.0949,0.058,0.0317,0.0711,0.1577,0.5712,0.0235,0.1294,0.0253,0.0648,0.0413,0.0457,0.8802,0.0391,0.0464,0.0264,0.0349,0.0429,0.0286,0.1109,0.1431,0.0303,0.0509,0.0404,0.0281,0.0843,0.0227,0.0327,0.2719,1.8524,0.0375,0.0536,0.0349,0.0885,0.034,0.2019,0.1188,0.0674,0.0256,0.0289,0.0528,0.0271,0.0625,0.038,0.031,0.331,0.024,0.0238,0.0262,0.0573,0.4219,0.2301,0.0444
0.0241,0.0208,0.1002,0.0211,0.0473,0.0327,0.0271,0.0568,0.0408,0.0193,0.0305,0.1189,0.022,0.1085,1.5499,0.0929,0.0258,0.0369,0.0357,0.4788,0.0512,0.0529,0.0273,0.0253,0.0421,0.0335,0.0498,0.0428,0.7385,0.0194,0.2286,0.0259,0.0292,0.1479,0.0457,0.0387,0.0224,0.0595,0.0672,0.0234,0.0863,0.1675,0.0799,0.0393,0.0201,0.0688,0.2773,0.3528,0.0276,0.0332,0.0322,0.0222,0.1321,0.0225,0.0284,0.1929,0.0736,0.0207,0.0636,0.0303
0.0275,1.3601,0.0296,0.1054,0.1171,0.087,0.4169,0.0702,0.0331,0.0245,0.0444,0.0342,0.13,0.0263,0.0201,0.0662,0.0451,0.0238,0.0365,0.0496,0.0281,0.0228,0.0357,0.0387,0.1675,0.0231,0.1454,0.0951,0.6482,0.0575,0.0291,0.3091,0.0168,0.0206,0.0398,0.017,0.2429,0.0803,0.0514,0.0411,0.0225,0.0564,0.0214,0.0263,0.0305,0.0217,0.0193,0.2002,0.0739,0.0178,0.0187,0.0173,0.0216,0.0604,0.0182,0.0478,0.0207,0.0307,0.0315,0.0189
0.0463,0.1386,0.0278,0.1541,0.0253,0.1947,0.2258,0.0739,0.1728,0.0292,0.0877,0.5577,0.066,0.0505,0.0577,0.0255,0.0235,0.0381,0.0341,0.4128,0.0489,0.3245,0.0282,0.0535,0.1273,0.0943,0.0547,0.0781,0.0243,0.0306,0.024,0.0349,0.0302,0.0813,0.2692,0.0386,0.8621,0.07,0.061,0.0263,0.0423,0.0224,0.0271,0.0402,0.033,0.0628,0.0319,0.0319,0.0994,0.0364,0.1091,0.0418,0.0385,0.0289,0.0482,0.1175,1.8141,0.0236,0.0451,0.0269
0.1027,0.06,2.69,0.0544,0.0761,0.0517,0.0482,0.0631,0.2281,0.1152,0.1208,0.48,0.0715,0.6044,0.0658,0.0729,0.3962,0.0377,0.0429,0.035,0.0335,0.0635,0.0405,0.039,0.0899,0.2083,0.047,0.0684,0.0567,0.8312,0.0835,0.0865,0.0454,0.137,0.0508,0.2907,0.1296,0.1734,0.0426,0.0993,0.0581,0.0552,0.1477,0.0365,0.0407,0.3344,0.045,0.0461,0.0413,0.0381,0.1575,0.0393,0.1098,0.0939,0.2547,1.2802,0.1858,0.0356,0.0333,0.0769
0.0279,0.0265,0.0351,0.0681,0.2495,0.0777,0.1074,0.0378,0.0247,0.0196,0.0988,0.0184,0.0237,0.0309,0.0201,0.0197,0.0455,0.0218,0.0252,0.0254,0.0592,0.0481,0.0203,0.0535,0.02,0.1195,0.0323,0.0408,0.0222,0.0823,0.1743,0.0295,0.0632,0.0368,0.1324,0.0177,0.0713,0.3159,0.0336,0.0393,0.045,0.0184,0.0177,0.0894,0.0569,0.0239,0.0273,0.0224,0.0175,0.6672,0.0315,0.4316,1.3934,0.1491,0.0213,0.2058,0.0427,0.0339,0.0282,0.0517
0.0375,0.1185,0.1641,0.0338,0.0359,0.048,0.041,0.0563,0.028,0.0713,0.3148,0.0411,0.0986,0.1117,0.385,0.0298,0.0308,0.082,0.1037,0.0265,0.0356,1.0239,2.1452,0.0626,0.4911,0.0781,0.047,0.055,0.0361,0.028,0.0635,0.0739,0.0452,0.0688,0.2329,0.1265,0.2682,0.0327,0.0654,0.0302,0.1833,0.0588,0.0518,0.2059,0.0416,0.0323,0.0347,0.663,0.0493,0.0917,0.1383,0.0289,0.0391,0.0321,0.0378,0.1502,0.0513,0.0282,0.0438,0.0875
0.0166,0.0443,0.025,0.0206,0.0366,0.1648,0.1,0.0881,0.0109,0.0267,0.1118,0.0195,0.0153,0.0242,0.0258,0.0151,0.0119,0.0129,0.0206,0.0399,0.0505,0.0143,0.0639,0.0716,0.0221,0.0134,0.0144,0.0184,0.0193,0.0329,0.1358,0.0142,0.0355,0.0341,0.0169,0.0289,0.0468,0.0165,0.0226,0.0114,0.282,0.0773,0.017,0.0425,0.0143,0.9225,0.0225,0.0126,0.0299,0.0182,0.2108,0.012,0.0122,0.0548,0.028,0.0576,0.0132,0.4409,0.0159,0.0194
0.1092,0.0429,0.349,0.0491,0.0385,0.08,0.1801,0.1281,0.0735,0.0357,0.3027,0.2393,0.0471,0.0685,0.0412,0.0539,0.052,0.0758,1.3381,0.0592,0.0354,0.0507,0.0606,0.044,0.1033,0.0942,0.0447,0.0968,0.0534,0.0394,0.5019,0.144,0.046,0.0642,0.1137,0.6333,0.0371,0.4113,0.267,0.0567,0.0475,0.0704,0.8645,0.2147,0.0554,0.0888,0.0403,0.1672,0.1199,0.0846,0.1556,0.0819,0.0376,2.8092,0.1962,0.0627,0.1357,0.0655,0.0424,0.0395
0.0181,0.0281,0.0173,0.0264,0.0203,0.021,0.0712,0.0226,0.1602,1.2827,0.6059,0.0193,0.0825,0.187,0.0459,0.0411,0.0272,0.2923,0.017,0.0315,0.0232,0.0574,0.0337,0.0167,0.0202,0.0167,0.0353,0.0656,0.0165,0.05,0.0538,0.0178,0.1375,0.0242,0.043,0.0897,0.0619,0.0222,0.0272,0.0182,0.3946,0.0214,0.0466,0.0304,0.0999,0.109,0.036,0.0247,0.0256,0.1213,0.0208,0.0195,0.0185,0.0293,0.0762,0.0385,0.0373,0.052,0.0332,0.2287
0.0292,0.1077,0.0344,0.0459,0.0262,0.046,0.0226,0.0343,0.0291,0.5656,0.0468,0.1012,0.0361,0.1979,0.1397,0.0781,0.067,0.0434,0.0314,0.0425,0.087,0.0241,0.0306,0.0324,0.0956,0.8684,0.039,0.0555,0.0279,0.0412,0.0626,0.0239,1.8251,0.0703,0.0382,0.1729,0.0517,0.0738,0.0296,0.1556,0.4152,0.1286,0.3267,0.0366,0.2273,0.0253,0.0575,0.0828,0.1177,0.268,0.0269,0.0248,0.0261,0.0501,0.0321,0.0622,0.0523,0.0365,0.0246,0.0236
0.0594,0.0334,0.4291,0.1067,0.0822,0.0434,0.0275,0.0472,0.0287,0.0227,0.056,0.2048,0.0175,0.0888,0.0537,0.0358,0.0228,0.0207,0.6634,0.0626,0.024,0.0502,0.0281,0.0257,0.0228,0.0304,0.0974,0.1187,0.0337,0.149,0.0215,0.0202,0.0296,0.0701,0.0674,0.018,0.024,0.048,0.0187,0.3157,0.0198,0.0312,0.0185,0.0275,0.0192,0.0424,0.0263,0.0195,0.0175,0.1327,1.3892,0.2479,0.0213,0.04,0.0381,0.1735,0.0254,0.0385,0.0779,0.0367
0.0222,0.0164,0.0556,0.0845,0.2315,0.296,0.0477,0.024,0.0437,0.0628,0.0171,0.0908,0.0261,0.0381,0.036,0.0275,0.077,0.023,0.059,0.0493,0.0188,0.0243,0.0301,0.0175,0.0192,0.0325,0.1897,0.0262,0.0515,0.0177,1.2966,0.0184,0.0169,0.0995,0.022,0.0723,0.0247,0.0416,0.0292,0.02,0.0668,0.1249,0.0453,0.6199,0.0361,0.0348,0.1375,0.1106,0.0235,0.0183,0.0278,0.0211,0.4001,0.1618,0.0331,0.0393,0.0158,0.0211,0.0304,0.0192
0.1983,0.1135,0.0805,0.1378,0.0379,0.0313,0.1286,0.0312,0.4145,0.0532,0.1785,0.1637,0.3401,0.0344,0.0309,0.0947,0.068,0.0363,0.0738,0.0326,0.2875,0.0891,0.0514,0.0373,0.0454,0.0854,0.0608,0.1204,0.0403,0.2212,0.035,0.0443,0.0632,0.0473,0.0391,0.0419,0.0419,0.0769,0.0502,0.0592,2.3148,0.1051,0.0545,0.0719,0.0309,0.5236,1.1051,0.0652,0.0485,0.2515,0.0568,0.714,0.0315,0.1497,0.0336,0.0294,0.0302,0.0428,0.0379,0.0984
0.0943,0.6995,0.1017,0.0831,0.0634,0.0297,0.0198,0.0383,0.1125,0.0422,0.0196,0.0274,0.0208,0.125,0.0489,0.047,0.0214,0.0191,0.0861,0.1818,0.0227,0.0283,0.0235,0.0225,0.452,0.019,0.027,0.0349,0.0391,0.077,0.0292,0.053,0.0179,1.4633,0.0243,0.0312,0.0214,0.0511,0.2161,0.1595,0.0372,0.0252,0.0664,0.0339,0.0434,0.0325,0.0273,0.0575,0.024,0.0239,0.3312,0.0191,0.0301,0.0589,0.045,0.1392,0.0715,0.0356,0.0198,0.2638
0.0681,0.1424,0.3663,0.0463,0.0754,0.0796,0.03,0.1554,0.6305,0.0261,0.2984,0.0919,0.1744,0.0325,0.1216,0.1035,0.1301,0.0353,0.082,0.0364,0.1128,0.0266,0.2517,0.0639,0.0708,0.0248,0.0292,0.9738,0.0437,0.4613,0.0263,0.0313,0.0572,0.0384,0.1898,0.0397,0.0328,0.0534,0.0354,0.0593,0.0309,0.0415,0.0876,0.0512,0.046,2.0354,0.034,0.0484,0.0623,0.0424,0.0286,0.2197,0.0272,0.0518,0.0369,0.0312,0.0558,0.0988,0.028,0.0407
0.0624,0.0174,0.1282,0.0394,0.1485,1.3696,0.1058,0.1165,0.0242,0.0373,0.0278,0.0431,0.1702,0.0879,0.0358,0.4207,0.2445,0.2,0.0203,0.0268,0.3097,0.0227,0.0311,0.0262,0.0655,0.0952,0.651,0.0207,0.0295,0.0587,0.034,0.0209,0.0382,0.0522,0.0242,0.0181,0.0758,0.0198,0.0423,0.0241,0.0793,0.0234,0.0469,0.0495,0.0202,0.0199,0.0692,0.0189,0.0555,0.0215,0.0226,0.0171,0.0307,0.0252,0.0312,0.0173,0.0461,0.0337,0.0297,0.0183
0.0194,0.0448,0.0548,0.2439,0.0494,0.0294,0.0615,0.0419,0.0367,0.2014,0.0805,0.043,0.0394,0.0255,0.1721,0.0289,0.0179,0.047,0.0198,0.0168,0.6535,0.0318,1.363,0.0875,0.0189,0.0272,0.0177,0.0262,0.019,0.03,0.1285,0.0389,0.0225,0.0585,0.31,0.0347,0.0238,0.0945,0.0655,0.0696,0.0236,0.1158,0.0751,0.0195,0.0265,0.0245,0.0335,0.0313,0.0224,0.0531,0.1468,0.0221,0.0183,0.0179,0.0216,0.021,0.0357,0.0281,0.1043,0.4261
0.5193,0.0303,0.0197,0.0235,0.0422,0.0255,0.117,0.0308,0.1952,0.0555,0.0832,0.2485,0.02,0.0224,0.0211,0.032,0.1033,0.0227,0.335,0.0141,0.0185,0.0771,0.0156,0.0595,0.0443,0.0523,0.0168,0.0206,1.0857,0.0144,0.0169,0.0266,0.0173,0.0239,0.0345,0.0646,0.0276,0.0361,0.0172,0.0487,0.0138,0.1361,0.0407,0.0237,0.0281,0.0697,0.0145,0.0926,0.0468,0.0152,0.0251,0.0156,0.0181,0.1597,0.0145,0.0176,0.019,0.0374,0.0137,0.0342
0.0342,0.0637,0.0365,0.0706,0.1138,0.6829,0.0355,0.0361,0.0593,0.0391,0.0272,0.0288,0.0299,0.0668,0.082,0.0939,0.0903,0.0386,0.3248,0.1309,0.0856,0.0422,0.2394,0.277,0.0418,0.4993,0.2095,0.0998,0.1223,1.0465,0.0442,0.028,0.0544,0.0499,0.058,0.0486,0.0737,0.0327,0.1063,0.1553,0.0304,0.0385,0.0409,0.0337,0.0562,0.3912,0.0466,0.0519,0.1703,0.032,0.0631,2.2046,0.0299,0.1876,0.0292,0.0449,0.1403,0.0772,0.0325,0.0452
0.0117,0.0749,0.0434,0.007,0.0087,0.0065,0.0075,0.0495,0.0157,0.2408,0.5069,0.0131,0.0142,0.0262,0.01,0.022,0.0105,0.0085,0.0075,0.03,0.018,0.0076,0.008,0.0097,0.0084,0.0108,0.0904,0.0134,0.017,0.0075,0.013,0.0098,0.0186,0.156,0.0639,0.0065,0.0328,0.0138,0.0071,0.0356,0.0068,0.0067,0.1158,0.0096,0.0078,0.0156,0.0205,0.0539,0.0228,0.0092,0.0068,0.0283,0.0128,0.0082,0.0115,0.038,0.0249,0.0161,0.0108,0.0193
0.0442,0.0484,0.021,0.2229,0.0824,0.0403,0.0991,0.2708,0.722,0.0628,0.0903,0.0272,0.0426,0.0213,0.0334,0.041,0.0651,0.0203,0.0252,0.0296,0.0463,0.0364,0.0267,0.0245,0.0258,0.0379,0.0481,0.129,0.1886,0.1431,0.053,0.0216,0.0287,0.105,0.0693,0.0373,0.019,0.0232,0.0225,0.0196,0.0208,0.0774,0.0257,0.0343,0.4675,0.0187,0.072,1.5157,0.0288,0.0333,0.3412,0.0238,0.1641,0.0315,0.0304,0.0199,0.0238,0.056,0.115,0.0587
0.0829,0.0259,0.0365,0.0349,0.02,0.0459,0.2344,0.02,0.0211,0.0318,0.072,0.0274,0.1359,0.173,0.0265,0.0309,0.0218,0.026,0.0474,0.0337,0.053,0.0228,0.0233,0.1125,0.0881,0.0222,0.0305,0.0606,0.0394,0.1986,0.3637,0.024,0.4945,0.0438,0.0508,0.0493,0.0387,0.0329,0.1509,0.0224,0.029,0.0251,0.0415,0.0654,0.0689,0.0273,0.285,0.0963,0.0422,0.1019,0.023,1.5985,0.0593,0.7559,0.0761,0.0296,0.1228,0.0564,0.0216,0.0365
0.0682,0.341,0.0219,0.0243,0.0534,0.0825,0.05,0.0318,0.0393,0.0294,0.4607,0.0262,0.0585,0.0255,0.0714,0.0191,0.0455,0.0413,1.4842,0.0601,0.0231,0.0776,0.0283,0.0245,0.0347,0.0424,0.0235,0.0205,0.0485,0.0283,0.1611,0.0196,0.1262,0.1853,0.0336,0.0307,0.0641,0.0309,0.2656,0.0188,0.1051,0.0191,0.034,0.0195,0.1141,0.0956,0.0364,0.0229,0.0443,0.0884,0.0209,0.0211,0.0549,0.7096,0.1422,0.023,0.22,0.0386,0.0269,0.0274
0.6421,0.046,0.4735,0.0319,0.0271,0.0333,0.3721,0.0299,0.1459,0.0305,0.028,0.0337,0.1995,0.0601,0.1146,0.161,0.0313,0.0485,0.0754,0.044,0.0633,0.0326,0.101,0.0444,0.0947,0.1342,0.125,2.0902,0.0843,0.0563,0.0346,0.0263,0.1069,0.0689,0.0367,0.0399,0.0433,0.3071,0.0281,0.0677,0.0895,0.2266,0.056,0.1794,0.0342,0.0481,0.0393,0.0381,0.0607,0.0275,0.0291,0.0266,0.0727,0.0357,0.0511,0.0807,0.9971,0.0414,0.2591,0.0523
0.0323,0.0278,0.0239,0.0459,0.0291,0.0234,0.0263,0.1076,0.0822,0.0308,0.0493,0.2227,0.0303,0.1388,0.0598,0.1528,0.0252,0.194,0.0268,0.0311,0.0849,0.0615,0.0465,0.0223,0.055,0.1164,0.036,0.5517,0.0572,0.0987,0.0234,0.4081,0.0427,0.027,0.0381,0.8538,0.0525,0.0249,0.1712,0.0345,0.0368,0.0254,0.0645,0.0698,1.8002,0.0281,0.0395,0.1258,0.3208,0.0777,0.0235,0.0445,0.0503,0.0335,0.0325,0.0915,0.0415,0.2624,0.0723,0.0375
0.0282,0.0474,0.0184,0.0322,0.0299,0.0606,0.0355,0.0288,0.0236,0.365,0.0906,0.0227,0.0204,0.0157,0.2668,0.0229,0.0498,0.017,0.0167,0.0699,0.0159,0.0148,0.0188,0.0398,0.5657,0.041,0.0755,0.0179,0.0262,0.2111,0.0274,0.1014,0.0435,0.0657,0.0455,0.0206,0.147,1.1776,0.0368,0.0155,0.0247,0.0175,0.0228,0.1723,0.112,0.0212,0.0568,0.0146,0.0222,0.0167,0.0198,0.0546,0.0194,0.0813,0.0262,0.0308,0.0338,0.0383,0.0161,0.1272
0.0395,0.5767,0.0551,0.0247,0.0151,0.0278,0.0288,0.0176,0.0191,0.0202,0.0349,0.0921,0.0157,0.0202,0.0795,0.0212,0.026,0.022,0.2746,0.0174,0.0176,0.1547,0.0388,0.0165,0.1169,0.0222,0.0726,0.0314,0.0367,0.028,0.1332,0.2174,0.0157,0.0231,0.0213,0.3724,0.0194,0.052,0.0447,0.0628,0.0193,0.0296,1.2135,0.0419,0.0167,0.0335,0.0364,0.0246,0.0834,0.0187,0.1042,0.0255,0.0231,0.0462,0.032,0.0166,0.0497,0.0664,0.1786,0.059
0.0791,0.0233,0.0347,0.2722,0.0293,0.0511,0.0244,0.0208,0.0294,0.037,0.0239,0.0227,0.047,0.0362,0.1284,0.0625,0.0263,0.4682,0.0239,0.0303,0.0265,0.0203,0.1461,0.0189,0.0734,0.1644,0.0196,0.0682,0.0844,0.0254,0.0445,0.2257,0.0201,0.0481,0.1877,0.0334,0.7228,0.3458,0.0969,0.0272,0.0273,0.0226,0.0199,0.0392,0.0314,0.0588,0.0209,0.0564,0.054,0.0436,0.0338,0.0908,0.0652,0.0219,0.0323,1.5238,0.1157,0.1057,0.0412,0.0398
0.0254,0.5764,0.0289,0.0651,0.0349,0.0311,0.0244,0.0455,0.028,0.1199,0.0436,0.0269,0.0503,0.1027,0.1306,0.0416,0.0436,0.025,0.1105,0.0375,0.032,0.0911,0.0289,0.0626,0.0357,0.0286,0.0493,0.8899,0.2352,0.0273,0.2005,0.0229,0.0394,0.0405,0.038,0.2739,0.0358,0.0484,0.0853,0.1606,0.0325,0.025,0.1785,0.026,0.0757,0.0567,0.0308,0.024,0.0558,0.0592,0.3356,0.0673,0.0324,0.0972,0.0805,0.4256,1.8672,0.0525,0.0716,0.1423
0.0782,0.0357,0.0247,0.0675,0.0181,0.0634,0.0234,0.0429,0.0234,0.018,0.0201,0.0271,0.6647,0.0563,0.046,0.0263,0.0971,0.0382,0.0904,0.1073,0.0224,0.1345,0.0327,0.1201,0.0186,0.0342,0.0233,0.021,0.0498,0.0249,0.0447,0.0328,0.0169,0.2048,0.15,0.175,0.2486,0.0301,0.0727,0.0187,0.0187,0.0597,0.0202,0.0393,1.396,0.0192,0.0252,0.0214,0.0547,0.0307,0.0366,0.4289,0.0508,0.0832,0.0287,0.027,0.3163,0.0212,0.0412,0.0275
